metabolite_id,,,,,,,,,,,,,
10fthf,,,,,,,,,,,,,
10fthf5glu,,,,,,,,,,,,,
10fthf6glu,,,,,,,,,,,,,
10fthf7glu,,,,,,,,,,,,,
11_cis_retfa,,,,,,,,,,,,,
11docrtsl,,,,,,,,,,,,,
11docrtstrn,,,,,,,,,,,,,
12dgr120,,,,,,,,,,,,,
12dhchol,,,,,,,,,,,,,
12harachd,,,,,,,,,,,,,
12HPET,,,,,,,,,,,,,
12htacr,,,,,,,,,,,,,
12ppd_R,,,,,,,,,,,,,
12ppd_S,,,,,,,,,,,,,
12RHPET,,,,,,,,,,,,,
13_cis_oretn,,,,,,,,,,,,,
13_cis_retn,,,,,,,,,,,,,
13_cis_retnglc,,,,,,,,,,,,,
1331tacr,,,,,,,,,,,,,
13dampp,,,,,,,,,,,,,
13dmt,,,,,,,,,,,,,
13dpg,,,,,,,,,,,,,
14hmdz,,,,,,,,,,,,,
1513tacr,,,,,,,,,,,,,
1531tacr,,,,,,,,,,,,,
15dmt,,,,,,,,,,,,,
15HPET,,,,,,,,,,,,,
15kprostgf2,,,,,,,,,,,,,
17ahprgnlone,,,,,,,,,,,,,
17ahprgstrn,,,,,,,,,,,,,
18harachd,,,,,,,,,,,,,
1a2425thvitd2,,,,,,,,,,,,,
1a2425thvitd3,,,,,,,,,,,,,
1a25dhvitd2,,,,,,,,,,,,,
1a25dhvitd3,,,,,,,,,,,,,
1glyc_hs,,,,,,,,,,,,,
1hibup_S,,,,,,,,,,,,,
1hibupglu_S,,,,,,,,,,,,,
1hmdgluc,,,,,,,,,,,,,
1mncam,,,,,,,,,,,,,
1mpyr,,,,,,,,,,,,,
1ohmdz,,,,,,,,,,,,,
1p2cbxl,,,,,,,,,,,,,
1p3h5c,,,,,,,,,,,,,
1pipdn2c,,,,,,,,,,,,,
1pyr5c,,,,,,,,,,,,,
20ahchsterol,,,,,,,,,,,,,
21hprgnlone,,,,,,,,,,,,,
23cump,,,,,,,,,,,,,
23dh1i56dio,,,,,,,,,,,,,
23doguln,,,,,,,,,,,,,
23dpg,,,,,,,,,,,,,
2425dhvitd2,,,,,,,,,,,,,
2425dhvitd3,,,,,,,,,,,,,
24nph,,,,,,,,,,,,,
25aics,,,,,,,,,,,,,
25hvitd2,,,,,,,,,,,,,
25hvitd3,,,,,,,,,,,,,
2amac,,,,,,,,,,,,,
2ameph,,,,,,,,,,,,,
2aobut,,,,,,,,,,,,,
2c23dh56dhoxin,,,,,,,,,,,,,
2coum,,,,,,,,,,,,,
2ddecdicoa,,,,,,,,,,,,,
2decdicoa,,,,,,,,,,,,,
2docohexecoa,,,,,,,,,,,,,
2docopencoa,,,,,,,,,,,,,
2dodtricoa,,,,,,,,,,,,,
2dp6mep,,,,,,,,,,,,,
2dp6mobq,,,,,,,,,,,,,
2dp6mobq_me,,,,,,,,,,,,,
2dpmhobq,,,,,,,,,,,,,
2dr1p,,,,,,,,,,,,,
2dr5p,,,,,,,,,,,,,
2h3mv,,,,,,,,,,,,,
2hatvacid,,,,,,,,,,,,,
2hatvacidgluc,,,,,,,,,,,,,
2hatvlac,,,,,,,,,,,,,
2hatvlacgluc,,,,,,,,,,,,,
2hb,,,,,,,,,,,,,
2hexdtetcoa,,,,,,,,,,,,,
2hexdtricoa,,,,,,,,,,,,,
2hibup_R,,,,,,,,,,,,,
2hibup_S,,,,,,,,,,,,,
2hibupglu_S,,,,,,,,,,,,,
2hiv,,,,,,,,,,,,,
2hxic_L,,,,,,,,,,,,,
2hydog,,,,,,,,,,,,,
2hyoxplac,,,,,,,,,,,,,
2kmb,,,,,,,,,,,,,
2m3hbu,,,,,,,,,,,,,
2m3hvac,,,,,,,,,,,,,
2m3ovac,,,,,,,,,,,,,
2m3ovcoa,,,,,,,,,,,,,
2maacoa,,,,,,,,,,,,,
2mb2coa,,,,,,,,,,,,,
2mbcoa,,,,,,,,,,,,,
2mcacn,,,,,,,,,,,,,
2mcit,,,,,,,,,,,,,
2mop,,,,,,,,,,,,,
2mp2coa,,,,,,,,,,,,,
2mpdhl,,,,,,,,,,,,,
2obut,,,,,,,,,,,,,
2octdectecoa,,,,,,,,,,,,,
2octpencoa,,,,,,,,,,,,,
2oxoadp,,,,,,,,,,,,,
2pg,,,,,,,,,,,,,
2pglyc,,,,,,,,,,,,,
31dmt,,,,,,,,,,,,,
34dhcinm,,,,,,,,,,,,,
34dhmald,,,,,,,,,,,,,
34dhoxmand,,,,,,,,,,,,,
34dhoxpeg,,,,,,,,,,,,,
34dhpac,,,,,,,,,,,,,
34dhpe,,,,,,,,,,,,,
34dhpha,,,,,,,,,,,,,
34dhphe,,,,,,,,,,,,,
34hpl,,,,,,,,,,,,,
34hpp,,,,,,,,,,,,,
35cgmp,,,,,,,,,,,,,
35dhpvs,,,,,,,,,,,,,
35diotyr,,,,,,,,,,,,,
35dsmv,,,,,,,,,,,,,
3aib,,,,,,,,,,,,,
3aib_D,,,,,,,,,,,,,
3amp,,,,,,,,,,,,,
3bcrn,,,,,,,,,,,,,
3ddcrn,,,,,,,,,,,,,
3ddecdicoa,,,,,,,,,,,,,
3deccrn,,,,,,,,,,,,,
3decdicoa,,,,,,,,,,,,,
3dhcdchol,,,,,,,,,,,,,
3dhchol,,,,,,,,,,,,,
3dhdchol,,,,,,,,,,,,,
3dhguln,,,,,,,,,,,,,
3dhlchol,,,,,,,,,,,,,
3docopencoa,,,,,,,,,,,,,
3dodtricoa,,,,,,,,,,,,,
3dpdhb,,,,,,,,,,,,,
3dpdhb_me,,,,,,,,,,,,,
3dphb,,,,,,,,,,,,,
3dsphgn,,,,,,,,,,,,,
3h26dm5coa,,,,,,,,,,,,,
3h3mglt,,,,,,,,,,,,,
3hadicoa,,,,,,,,,,,,,
3hadpac,,,,,,,,,,,,,
3hanthrn,,,,,,,,,,,,,
3hbcoa,,,,,,,,,,,,,
3hbcoa_R,,,,,,,,,,,,,
3hcinnm,,,,,,,,,,,,,
3hdcoa,,,,,,,,,,,,,
3hddcoa,,,,,,,,,,,,,
3hdeccoa,,,,,,,,,,,,,
3hdececrn,,,,,,,,,,,,,
3hexdcoa,,,,,,,,,,,,,
3hexdcrn,,,,,,,,,,,,,
3hexdtetcoa,,,,,,,,,,,,,
3hexdtricoa,,,,,,,,,,,,,
3hglutcoa,,,,,,,,,,,,,
3hibup_R,,,,,,,,,,,,,
3hibup_S,,,,,,,,,,,,,
3hibupglu_S,,,,,,,,,,,,,
3hibutcoa,,,,,,,,,,,,,
3hivac,,,,,,,,,,,,,
3hlvst,,,,,,,,,,,,,
3hlvstacid,,,,,,,,,,,,,
3hmbcoa,,,,,,,,,,,,,
3hmp,,,,,,,,,,,,,
3hodcoa,,,,,,,,,,,,,
3hpcoa,,,,,,,,,,,,,
3hpp,,,,,,,,,,,,,
3hppa,,,,,,,,,,,,,
3hpppn,,,,,,,,,,,,,
3hpppnoh,,,,,,,,,,,,,
3hpppnohgluc,,,,,,,,,,,,,
3hpvs,,,,,,,,,,,,,
3hpvscoa,,,,,,,,,,,,,
3hpvstet,,,,,,,,,,,,,
3hpvstetcoa,,,,,,,,,,,,,
3hsmv,,,,,,,,,,,,,
3hsmvacid,,,,,,,,,,,,,
3htdcoa,,,,,,,,,,,,,
3htmelys,,,,,,,,,,,,,
3hxkynam,,,,,,,,,,,,,
3ispvs,,,,,,,,,,,,,
3ityr_L,,,,,,,,,,,,,
3ivcoa,,,,,,,,,,,,,
3ivcrn,,,,,,,,,,,,,
3m4hpga,,,,,,,,,,,,,
3mb2coa,,,,,,,,,,,,,
3meacmp,,,,,,,,,,,,,
3mgcoa,,,,,,,,,,,,,
3mglutac,,,,,,,,,,,,,
3mglutr,,,,,,,,,,,,,
3mhis,,,,,,,,,,,,,
3mlda,,,,,,,,,,,,,
3mldz,,,,,,,,,,,,,
3mob,,,,,,,,,,,,,
3mop,,,,,,,,,,,,,
3mox4hoxm,,,,,,,,,,,,,
3mox4hpac,,,,,,,,,,,,,
3moxtyr,,,,,,,,,,,,,
3mtp,,,,,,,,,,,,,
3ocddcoa,,,,,,,,,,,,,
3octdec2crn,,,,,,,,,,,,,
3octdeccrn,,,,,,,,,,,,,
3octdece1coa,,,,,,,,,,,,,
3octdece1crn,,,,,,,,,,,,,
3octdectecoa,,,,,,,,,,,,,
3octpencoa,,,,,,,,,,,,,
3odcoa,,,,,,,,,,,,,
3oddcoa,,,,,,,,,,,,,
3ohacmp,,,,,,,,,,,,,
3ohdcoa,,,,,,,,,,,,,
3ohglutac,,,,,,,,,,,,,
3ohodcoa,,,,,,,,,,,,,
3ohsebac,,,,,,,,,,,,,
3ohsebcoa,,,,,,,,,,,,,
3ohsubac,,,,,,,,,,,,,
3ohsubcoa,,,,,,,,,,,,,
3ohxccoa,,,,,,,,,,,,,
3otdcoa,,,,,,,,,,,,,
3padsel,,,,,,,,,,,,,
3pg,,,,,,,,,,,,,
3php,,,,,,,,,,,,,
3sala,,,,,,,,,,,,,
3snpyr,,,,,,,,,,,,,
3spyr,,,,,,,,,,,,,
3tdcrn,,,,,,,,,,,,,
3tetd7ecoa,,,,,,,,,,,,,
3tetd7ecoacrn,,,,,,,,,,,,,
3thexddcoa,,,,,,,,,,,,,
3thexddcoacrn,,,,,,,,,,,,,
3ttetddcoa,,,,,,,,,,,,,
3ttetddcoacrn,,,,,,,,,,,,,
3uib,,,,,,,,,,,,,
3ump,,,,,,,,,,,,,
42A3HP24DB,,,,,,,,,,,,,
44mctr,,,,,,,,,,,,,
44mzym,,,,,,,,,,,,,
46dhoxquin,,,,,,,,,,,,,
48dhoxquin,,,,,,,,,,,,,
4aabutn,,,,,,,,,,,,,
4abut,,,,,,,,,,,,,
4abutn,,,,,,,,,,,,,
4aphdob,,,,,,,,,,,,,
4bhglz,,,,,,,,,,,,,
4fumacac,,,,,,,,,,,,,
4glu56dihdind,,,,,,,,,,,,,
4h2oglt,,,,,,,,,,,,,
4hatvacid,,,,,,,,,,,,,
4hatvlac,,,,,,,,,,,,,
4hbz,,,,,,,,,,,,,
4hbzcoa,,,,,,,,,,,,,
4hdebrisoquine,,,,,,,,,,,,,
4hexdtetcoa,,,,,,,,,,,,,
4hexdtricoa,,,,,,,,,,,,,
4hglusa,,,,,,,,,,,,,
4hmdgluc,,,,,,,,,,,,,
4hoxpacd,,,,,,,,,,,,,
4hphac,,,,,,,,,,,,,
4hpro_LT,,,,,,,,,,,,,
4izp,,,,,,,,,,,,,
4mlacac,,,,,,,,,,,,,
4mop,,,,,,,,,,,,,
4mptnl,,,,,,,,,,,,,
4mtob,,,,,,,,,,,,,
4mtolbutamide,,,,,,,,,,,,,
4mzym_int1,,,,,,,,,,,,,
4mzym_int2,,,,,,,,,,,,,
4nph,,,,,,,,,,,,,
4nphsf,,,,,,,,,,,,,
4ohbut,,,,,,,,,,,,,
4ohmdz,,,,,,,,,,,,,
4ppan,,,,,,,,,,,,,
4ppcys,,,,,,,,,,,,,
4pyrdx,,,,,,,,,,,,,
4tmeabut,,,,,,,,,,,,,
4tmeabutn,,,,,,,,,,,,,
56dhpvs,,,,,,,,,,,,,
56dihindlcrbxlt,,,,,,,,,,,,,
56dthm,,,,,,,,,,,,,
56dura,,,,,,,,,,,,,
56eppvs,,,,,,,,,,,,,
5a2opntn,,,,,,,,,,,,,
5adtststerone,,,,,,,,,,,,,
5adtststeroneglc,,,,,,,,,,,,,
5adtststerones,,,,,,,,,,,,,
5aizc,,,,,,,,,,,,,
5aop,,,,,,,,,,,,,
5cysdopa,,,,,,,,,,,,,
5cysgly34dhphe,,,,,,,,,,,,,
5dhf,,,,,,,,,,,,,
5dpmev,,,,,,,,,,,,,
5eipenc,,,,,,,,,,,,,
5eipencoa,,,,,,,,,,,,,
5forthf,,,,,,,,,,,,,
5fthf,,,,,,,,,,,,,
5g2oxpt,,,,,,,,,,,,,
5homeprazole,,,,,,,,,,,,,
5hoxindact,,,,,,,,,,,,,
5hoxindoa,,,,,,,,,,,,,
5hoxnfkyn,,,,,,,,,,,,,
5HPET,,,,,,,,,,,,,
5htrp,,,,,,,,,,,,,
5hxkyn,,,,,,,,,,,,,
5hxkynam,,,,,,,,,,,,,
5mdr1p,,,,,,,,,,,,,
5mdru1p,,,,,,,,,,,,,
5moxact,,,,,,,,,,,,,
5mta,,,,,,,,,,,,,
5mthf,,,,,,,,,,,,,
5ohfvs,,,,,,,,,,,,,
5ohfvsglu,,,,,,,,,,,,,
5ohhexa,,,,,,,,,,,,,
5oxpro,,,,,,,,,,,,,
5pmev,,,,,,,,,,,,,
5tedtricoa,,,,,,,,,,,,,
5thf,,,,,,,,,,,,,
6a2ohxnt,,,,,,,,,,,,,
6ahglz,,,,,,,,,,,,,
6bhglz,,,,,,,,,,,,,
6bhglzglc,,,,,,,,,,,,,
6csmv,,,,,,,,,,,,,
6csmvacid,,,,,,,,,,,,,
6dhf,,,,,,,,,,,,,
6epvs,,,,,,,,,,,,,
6hddopaqn,,,,,,,,,,,,,
6hlvst,,,,,,,,,,,,,
6hlvstacid,,,,,,,,,,,,,
6hmsmv,,,,,,,,,,,,,
6hmsmvacid,,,,,,,,,,,,,
6hoxmelatn,,,,,,,,,,,,,
6hsmv,,,,,,,,,,,,,
6hsmvacid,,,,,,,,,,,,,
6htststerone,,,,,,,,,,,,,
6melvacid,,,,,,,,,,,,,
6melvst,,,,,,,,,,,,,
6msmv,,,,,,,,,,,,,
6ohfvs,,,,,,,,,,,,,
6ohfvsglu,,,,,,,,,,,,,
6pgc,,,,,,,,,,,,,
6pgl,,,,,,,,,,,,,
6pthp,,,,,,,,,,,,,
6thf,,,,,,,,,,,,,
7ahglz,,,,,,,,,,,,,
7bhglz,,,,,,,,,,,,,
7bhglzglc,,,,,,,,,,,,,
7dhcdchol,,,,,,,,,,,,,
7dhchol,,,,,,,,,,,,,
7dhchsterol,,,,,,,,,,,,,
7dhf,,,,,,,,,,,,,
7hpvs,,,,,,,,,,,,,
7klitchol,,,,,,,,,,,,,
7ohocata,,,,,,,,,,,,,
7thf,,,,,,,,,,,,,
9_cis_retfa,,,,,,,,,,,,,
aacoa,,,,,,,,,,,,,
aact,,,,,,,,,,,,,
abt,,,,,,,,,,,,,
abt_D,,,,,,,,,,,,,
ac,,,,,,,,,,,,,
acac,,,,,,,,,,,,,
acACP,,,,,,,,,,,,,
acald,,,,,,,,,,,,,
accoa,,,,,,,,,,,,,
acetol,,,,,,,,,,,,,
acetone,,,,,,,,,,,,,
acg5p,,,,,,,,,,,,,
acg5sa,,,,,,,,,,,,,
acgagbside_hs,,,,,,,,,,,,,
acgal,,,,,,,,,,,,,
acgal1p,,,,,,,,,,,,,
acgalfuc12gal14acglcgalgluside_hs,,,,,,,,,,,,,
acgalfucgalacgalfuc12gal14acglcgalgluside_hs,,,,,,,,,,,,,
acgalfucgalacgalfucgalacglcgal14acglcgalgluside_hs,,,,,,,,,,,,,
acgalfucgalacglcgal14acglcgalgluside_hs,,,,,,,,,,,,,
acgalfucgalacglcgalgluside_hs,,,,,,,,,,,,,
acgam,,,,,,,,,,,,,
acgam1p,,,,,,,,,,,,,
acgam6p,,,,,,,,,,,,,
acgbgbside_hs,,,,,,,,,,,,,
acglc13galacglcgal14acglcgalgluside_hs,,,,,,,,,,,,,
acglcgal14acglcgalgluside_hs,,,,,,,,,,,,,
acglcgalacglcgal14acglcgalgluside_hs,,,,,,,,,,,,,
acglcgalgbside_hs,,,,,,,,,,,,,
acglcgalgluside_hs,,,,,,,,,,,,,
acglu,,,,,,,,,,,,,
acgly,,,,,,,,,,,,,
acgpail_hs,,,,,,,,,,,,,
ach,,,,,,,,,,,,,
achom_L,,,,,,,,,,,,,
acile_L,,,,,,,,,,,,,
acleu_L,,,,,,,,,,,,,
aclys,,,,,,,,,,,,,
acmana,,,,,,,,,,,,,
acmanap,,,,,,,,,,,,,
acmp,,,,,,,,,,,,,
acmpglu,,,,,,,,,,,,,
acmpglut,,,,,,,,,,,,,
acn13acngalgbside_hs,,,,,,,,,,,,,
acn23acngalgbside_hs,,,,,,,,,,,,,
acnacngal14acglcgalgluside_hs,,,,,,,,,,,,,
acnacngalgbside_hs,,,,,,,,,,,,,
acnam,,,,,,,,,,,,,
acnamp,,,,,,,,,,,,,
acngal14acglcgalgluside_hs,,,,,,,,,,,,,
acngalacglcgal14acglcgalgluside_hs,,,,,,,,,,,,,
acngalacglcgalgluside_hs,,,,,,,,,,,,,
acngalgbside_hs,,,,,,,,,,,,,
acorn,,,,,,,,,,,,,
ACP,,,,,,,,,,,,,
acrn,,,,,,,,,,,,,
acryl,,,,,,,,,,,,,
acthr_L,,,,,,,,,,,,,
actyr,,,,,,,,,,,,,
ade,,,,,,,,,,,,,
adhap_hs,,,,,,,,,,,,,
adn,,,,,,,,,,,,,
adocbl,,,,,,,,,,,,,
adp,,,,,,,,,,,,,
adpac,,,,,,,,,,,,,
adpcoa,,,,,,,,,,,,,
adpglc,,,,,,,,,,,,,
adpman,,,,,,,,,,,,,
adpoh,,,,,,,,,,,,,
adprbp,,,,,,,,,,,,,
adprib,,,,,,,,,,,,,
adrn,,,,,,,,,,,,,
adrncoa,,,,,,,,,,,,,
adrncrn,,,,,,,,,,,,,
adrnl,,,,,,,,,,,,,
adsel,,,,,,,,,,,,,
aflatoxin,,,,,,,,,,,,,
agm,,,,,,,,,,,,,
ahandrostan,,,,,,,,,,,,,
ahandrostanglc,,,,,,,,,,,,,
ahcys,,,,,,,,,,,,,
ahdt,,,,,,,,,,,,,
aicar,,,,,,,,,,,,,
air,,,,,,,,,,,,,
ak2g_hs,,,,,,,,,,,,,
ak2gchol_hs,,,,,,,,,,,,,
ak2gp_hs,,,,,,,,,,,,,
ak2gpe_hs,,,,,,,,,,,,,
ak2lgchol_hs,,,,,,,,,,,,,
akdhap_hs,,,,,,,,,,,,,
akg,,,,,,,,,,,,,
akgp_hs,,,,,,,,,,,,,
ala_B,,,,,,,,,,,,,
ala_D,,,,,,,,,,,,,
ala_L,,,,,,,,,,,,,
alaala,,,,,,,,,,,,,
alaargcys,,,,,,,,,,,,,
alaarggly,,,,,,,,,,,,,
alaasnleu,,,,,,,,,,,,,
alaglylys,,,,,,,,,,,,,
alahisala,,,,,,,,,,,,,
alalysthr,,,,,,,,,,,,,
aldstrn,,,,,,,,,,,,,
alkylR1oh,,,,,,,,,,,,,
allop,,,,,,,,,,,,,
alltn,,,,,,,,,,,,,
alltt,,,,,,,,,,,,,
alpa_hs,,,,,,,,,,,,,
alpam,,,,,,,,,,,,,
alpro,,,,,,,,,,,,,
am19cs,,,,,,,,,,,,,
am1a4ncs,,,,,,,,,,,,,
am1accs,,,,,,,,,,,,,
am1acs,,,,,,,,,,,,,
am1alcs,,,,,,,,,,,,,
am1c4n9cs,,,,,,,,,,,,,
am1c9cs,,,,,,,,,,,,,
am1ccs,,,,,,,,,,,,,
am1cglc,,,,,,,,,,,,,
am1csa,,,,,,,,,,,,,
am4n9cs,,,,,,,,,,,,,
am4ncs,,,,,,,,,,,,,
am6sa,,,,,,,,,,,,,
am9csa,,,,,,,,,,,,,
amet,,,,,,,,,,,,,
ametam,,,,,,,,,,,,,
amp,,,,,,,,,,,,,
amuco,,,,,,,,,,,,,
and19one,,,,,,,,,,,,,
andrstandn,,,,,,,,,,,,,
andrstndn,,,,,,,,,,,,,
andrstrn,,,,,,,,,,,,,
andrstrnglc,,,,,,,,,,,,,
anth,,,,,,,,,,,,,
antipyrene,,,,,,,,,,,,,
ap4a,,,,,,,,,,,,,
apnnox,,,,,,,,,,,,,
apoC,,,,,,,,,,,,,
apoC_Lys,,,,,,,,,,,,,
apoC_Lys_btn,,,,,,,,,,,,,
appnn,,,,,,,,,,,,,
aprgstrn,,,,,,,,,,,,,
aprut,,,,,,,,,,,,,
aps,,,,,,,,,,,,,
aqcobal,,,,,,,,,,,,,
arab_L,,,,,,,,,,,,,
arach,,,,,,,,,,,,,
arachcoa,,,,,,,,,,,,,
arachcrn,,,,,,,,,,,,,
arachd,,,,,,,,,,,,,
arachdcoa,,,,,,,,,,,,,
arachdcrn,,,,,,,,,,,,,
aracheth,,,,,,,,,,,,,
arg_D,,,,,,,,,,,,,
arg_L,,,,,,,,,,,,,
argalaala,,,,,,,,,,,,,
argalaphe,,,,,,,,,,,,,
argalathr,,,,,,,,,,,,,
argarg,,,,,,,,,,,,,
argarglys,,,,,,,,,,,,,
argargmet,,,,,,,,,,,,,
argcysgly,,,,,,,,,,,,,
argcysser,,,,,,,,,,,,,
arggluglu,,,,,,,,,,,,,
argglupro,,,,,,,,,,,,,
argglygly,,,,,,,,,,,,,
arghisthr,,,,,,,,,,,,,
argleuphe,,,,,,,,,,,,,
arglysasp,,,,,,,,,,,,,
argphearg,,,,,,,,,,,,,
argpromet,,,,,,,,,,,,,
argprothr,,,,,,,,,,,,,
argserser,,,,,,,,,,,,,
argsuc,,,,,,,,,,,,,
argtyrval,,,,,,,,,,,,,
argvalcys,,,,,,,,,,,,,
argvaltrp,,,,,,,,,,,,,
ascb_L,,,,,,,,,,,,,
asn_L,,,,,,,,,,,,,
Asn_X_Ser_Thr,,,,,,,,,,,,,
asnasnarg,,,,,,,,,,,,,
asncyscys,,,,,,,,,,,,,
asnmetpro,,,,,,,,,,,,,
asnpheasp,,,,,,,,,,,,,
asnphecys,,,,,,,,,,,,,
asntyrgly,,,,,,,,,,,,,
asntyrphe,,,,,,,,,,,,,
asntyrthr,,,,,,,,,,,,,
asp_D,,,,,,,,,,,,,
asp_L,,,,,,,,,,,,,
aspalaarg,,,,,,,,,,,,,
aspasnglu,,,,,,,,,,,,,
aspglu,,,,,,,,,,,,,
aspglupro,,,,,,,,,,,,,
aspglutrp,,,,,,,,,,,,,
asphiscys,,,,,,,,,,,,,
asphispro,,,,,,,,,,,,,
asplysglu,,,,,,,,,,,,,
asplyshis,,,,,,,,,,,,,
aspmetasp,,,,,,,,,,,,,
aspprolys,,,,,,,,,,,,,
aspvalasn,,,,,,,,,,,,,
atp,,,,,,,,,,,,,
atvacid,,,,,,,,,,,,,
atvacylgluc,,,,,,,,,,,,,
atvethgluc,,,,,,,,,,,,,
atvlac,,,,,,,,,,,,,
atvlacgluc,,,,,,,,,,,,,
avite1,,,,,,,,,,,,,
avite2,,,,,,,,,,,,,
b2coa,,,,,,,,,,,,,
bamppald,,,,,,,,,,,,,
band,,,,,,,,,,,,,
bandmt,,,,,,,,,,,,,
bdg2hc,,,,,,,,,,,,,
betald,,,,,,,,,,,,,
bglc,,,,,,,,,,,,,
bgly,,,,,,,,,,,,,
bhb,,,,,,,,,,,,,
bildglcur,,,,,,,,,,,,,
bilglcur,,,,,,,,,,,,,
bilirub,,,,,,,,,,,,,
biliverd,,,,,,,,,,,,,
biocyt,,,,,,,,,,,,,
btamp,,,,,,,,,,,,,
btcoa,,,,,,,,,,,,,
btn,,,,,,,,,,,,,
but,,,,,,,,,,,,,
bvite,,,,,,,,,,,,,
bz,,,,,,,,,,,,,
bzcoa,,,,,,,,,,,,,
C01041,,,,,,,,,,,,,
C01241,,,,,,,,,,,,,
C01264,,,,,,,,,,,,,
C01290,,,,,,,,,,,,,
C01507,,,,,,,,,,,,,
C01601,,,,,,,,,,,,,
C01747,,,,,,,,,,,,,
C01836,,,,,,,,,,,,,
C02147,,,,,,,,,,,,,
C02356,,,,,,,,,,,,,
C02442,,,,,,,,,,,,,
C02469,,,,,,,,,,,,,
C02470,,,,,,,,,,,,,
C02528,,,,,,,,,,,,,
C02712,,,,,,,,,,,,,
C02744,,,,,,,,,,,,,
C03372,,,,,,,,,,,,,
C03405,,,,,,,,,,,,,
C03413,,,,,,,,,,,,,
C03577,,,,,,,,,,,,,
C03681,,,,,,,,,,,,,
C03693,,,,,,,,,,,,,
C03820,,,,,,,,,,,,,
C03958,,,,,,,,,,,,,
C03968,,,,,,,,,,,,,
C04295,,,,,,,,,,,,,
C04308,,,,,,,,,,,,,
C04717,,,,,,,,,,,,,
C04805,,,,,,,,,,,,,
C04843,,,,,,,,,,,,,
C04849,,,,,,,,,,,,,
C05109,,,,,,,,,,,,,
C05279,,,,,,,,,,,,,
C05280,,,,,,,,,,,,,
C05284,,,,,,,,,,,,,
C05298,,,,,,,,,,,,,
C05299,,,,,,,,,,,,,
C05300,,,,,,,,,,,,,
C05301,,,,,,,,,,,,,
C05302,,,,,,,,,,,,,
C05708,,,,,,,,,,,,,
C05767,,,,,,,,,,,,,
C05769,,,,,,,,,,,,,
C05770,,,,,,,,,,,,,
C05957,,,,,,,,,,,,,
C06199,,,,,,,,,,,,,
C06314,,,,,,,,,,,,,
C06315,,,,,,,,,,,,,
C06350,,,,,,,,,,,,,
C06453,,,,,,,,,,,,,
C06948,,,,,,,,,,,,,
C07297,,,,,,,,,,,,,
C07486,,,,,,,,,,,,,
C07535,,,,,,,,,,,,,
C08261,,,,,,,,,,,,,
C08276,,,,,,,,,,,,,
C09209,,,,,,,,,,,,,
C09640,,,,,,,,,,,,,
C09642,,,,,,,,,,,,,
C10164,,,,,,,,,,,,,
c101coa,,,,,,,,,,,,,
c101crn,,,,,,,,,,,,,
c10crn,,,,,,,,,,,,,
c10dc,,,,,,,,,,,,,
C11304,,,,,,,,,,,,,
C11695,,,,,,,,,,,,,
C11821,,,,,,,,,,,,,
c12dc,,,,,,,,,,,,,
c12dccoa,,,,,,,,,,,,,
C13856,,,,,,,,,,,,,
C14768,,,,,,,,,,,,,
C14769,,,,,,,,,,,,,
C14770,,,,,,,,,,,,,
C14771,,,,,,,,,,,,,
C14825,,,,,,,,,,,,,
C14826,,,,,,,,,,,,,
C14849,,,,,,,,,,,,,
C14851,,,,,,,,,,,,,
c14dccoa,,,,,,,,,,,,,
c16dc,,,,,,,,,,,,,
c226coa,,,,,,,,,,,,,
c226crn,,,,,,,,,,,,,
c2m26dcoa,,,,,,,,,,,,,
c3dc,,,,,,,,,,,,,
c4crn,,,,,,,,,,,,,
c4dc,,,,,,,,,,,,,
c51crn,,,,,,,,,,,,,
c5dc,,,,,,,,,,,,,
c6crn,,,,,,,,,,,,,
c6dc,,,,,,,,,,,,,
c81coa,,,,,,,,,,,,,
c81crn,,,,,,,,,,,,,
c8crn,,,,,,,,,,,,,
c8dc,,,,,,,,,,,,,
ca2,,,,,,,,,,,,,
ca24g,,,,,,,,,,,,,
ca3s,,,,,,,,,,,,,
cala,,,,,,,,,,,,,
camp,,,,,,,,,,,,,
caproic,,,,,,,,,,,,,
caribup_R,,,,,,,,,,,,,
caribup_s,,,,,,,,,,,,,
caribupglu_S,,,,,,,,,,,,,
carn,,,,,,,,,,,,,
caro,,,,,,,,,,,,,
carveol,,,,,,,,,,,,,
cbasp,,,,,,,,,,,,,
cbl1,,,,,,,,,,,,,
cbl2,,,,,,,,,,,,,
cbp,,,,,,,,,,,,,
cca_d3,,,,,,,,,,,,,
cdca24g,,,,,,,,,,,,,
cdca3g,,,,,,,,,,,,,
cdp,,,,,,,,,,,,,
cdpchol,,,,,,,,,,,,,
cdpdag_hs,,,,,,,,,,,,,
cdpea,,,,,,,,,,,,,
CE0074,,,,,,,,,,,,,
CE0233,,,,,,,,,,,,,
CE0347,,,,,,,,,,,,,
CE0469,,,,,,,,,,,,,
CE0692,,,,,,,,,,,,,
CE0693,,,,,,,,,,,,,
CE0695,,,,,,,,,,,,,
CE0713,,,,,,,,,,,,,
CE0737,,,,,,,,,,,,,
CE0782,,,,,,,,,,,,,
CE0784,,,,,,,,,,,,,
CE0785,,,,,,,,,,,,,
CE0849,,,,,,,,,,,,,
CE0853,,,,,,,,,,,,,
CE0955,,,,,,,,,,,,,
CE1059,,,,,,,,,,,,,
CE1102,,,,,,,,,,,,,
CE1162,,,,,,,,,,,,,
CE1243,,,,,,,,,,,,,
CE1261,,,,,,,,,,,,,
CE1262,,,,,,,,,,,,,
CE1264,,,,,,,,,,,,,
CE1272,,,,,,,,,,,,,
CE1273,,,,,,,,,,,,,
CE1274,,,,,,,,,,,,,
CE1277,,,,,,,,,,,,,
CE1278,,,,,,,,,,,,,
CE1279,,,,,,,,,,,,,
CE1292,,,,,,,,,,,,,
CE1293,,,,,,,,,,,,,
CE1294,,,,,,,,,,,,,
CE1297,,,,,,,,,,,,,
CE1298,,,,,,,,,,,,,
CE1310,,,,,,,,,,,,,
CE1352,,,,,,,,,,,,,
CE1401,,,,,,,,,,,,,
CE1447,,,,,,,,,,,,,
CE1554,,,,,,,,,,,,,
CE1556,,,,,,,,,,,,,
CE1562,,,,,,,,,,,,,
CE1589,,,,,,,,,,,,,
CE1617,,,,,,,,,,,,,
CE1661,,,,,,,,,,,,,
CE1665,,,,,,,,,,,,,
CE1761,,,,,,,,,,,,,
CE1787,,,,,,,,,,,,,
CE1918,,,,,,,,,,,,,
CE1925,,,,,,,,,,,,,
CE1926,,,,,,,,,,,,,
CE1935,,,,,,,,,,,,,
CE1936,,,,,,,,,,,,,
CE1937,,,,,,,,,,,,,
CE1939,,,,,,,,,,,,,
CE1940,,,,,,,,,,,,,
CE1941,,,,,,,,,,,,,
CE1943,,,,,,,,,,,,,
CE1944,,,,,,,,,,,,,
CE1950,,,,,,,,,,,,,
CE1957,,,,,,,,,,,,,
CE2006,,,,,,,,,,,,,
CE2011,,,,,,,,,,,,,
CE2020,,,,,,,,,,,,,
CE2026,,,,,,,,,,,,,
CE2028,,,,,,,,,,,,,
CE2038,,,,,,,,,,,,,
CE2047,,,,,,,,,,,,,
CE2049,,,,,,,,,,,,,
CE2053,,,,,,,,,,,,,
CE2056,,,,,,,,,,,,,
CE2061,,,,,,,,,,,,,
CE2065,,,,,,,,,,,,,
CE2072,,,,,,,,,,,,,
CE2084,,,,,,,,,,,,,
CE2088,,,,,,,,,,,,,
CE2089,,,,,,,,,,,,,
CE2095,,,,,,,,,,,,,
CE2102,,,,,,,,,,,,,
CE2119,,,,,,,,,,,,,
CE2120,,,,,,,,,,,,,
CE2122,,,,,,,,,,,,,
CE2152,,,,,,,,,,,,,
CE2153,,,,,,,,,,,,,
CE2172,,,,,,,,,,,,,
CE2173,,,,,,,,,,,,,
CE2174,,,,,,,,,,,,,
CE2176,,,,,,,,,,,,,
CE2180,,,,,,,,,,,,,
CE2183,,,,,,,,,,,,,
CE2184,,,,,,,,,,,,,
CE2186,,,,,,,,,,,,,
CE2189,,,,,,,,,,,,,
CE2196,,,,,,,,,,,,,
CE2201,,,,,,,,,,,,,
CE2202,,,,,,,,,,,,,
CE2203,,,,,,,,,,,,,
CE2204,,,,,,,,,,,,,
CE2206,,,,,,,,,,,,,
CE2207,,,,,,,,,,,,,
CE2209,,,,,,,,,,,,,
CE2211,,,,,,,,,,,,,
CE2242,,,,,,,,,,,,,
CE2243,,,,,,,,,,,,,
CE2245,,,,,,,,,,,,,
CE2246,,,,,,,,,,,,,
CE2247,,,,,,,,,,,,,
CE2248,,,,,,,,,,,,,
CE2249,,,,,,,,,,,,,
CE2250,,,,,,,,,,,,,
CE2251,,,,,,,,,,,,,
CE2253,,,,,,,,,,,,,
CE2303,,,,,,,,,,,,,
CE2304,,,,,,,,,,,,,
CE2305,,,,,,,,,,,,,
CE2306,,,,,,,,,,,,,
CE2313,,,,,,,,,,,,,
CE2314,,,,,,,,,,,,,
CE2345,,,,,,,,,,,,,
CE2414,,,,,,,,,,,,,
CE2417,,,,,,,,,,,,,
CE2418,,,,,,,,,,,,,
CE2420,,,,,,,,,,,,,
CE2421,,,,,,,,,,,,,
CE2422,,,,,,,,,,,,,
CE2424,,,,,,,,,,,,,
CE2432,,,,,,,,,,,,,
CE2433,,,,,,,,,,,,,
CE2434,,,,,,,,,,,,,
CE2437,,,,,,,,,,,,,
CE2438,,,,,,,,,,,,,
CE2439,,,,,,,,,,,,,
CE2440,,,,,,,,,,,,,
CE2441,,,,,,,,,,,,,
CE2442,,,,,,,,,,,,,
CE2445,,,,,,,,,,,,,
CE2446,,,,,,,,,,,,,
CE2449,,,,,,,,,,,,,
CE2510,,,,,,,,,,,,,
CE2516,,,,,,,,,,,,,
CE2537,,,,,,,,,,,,,
CE2539,,,,,,,,,,,,,
CE2565,,,,,,,,,,,,,
CE2566,,,,,,,,,,,,,
CE2567,,,,,,,,,,,,,
CE2568,,,,,,,,,,,,,
CE2569,,,,,,,,,,,,,
CE2576,,,,,,,,,,,,,
CE2577,,,,,,,,,,,,,
CE2591,,,,,,,,,,,,,
CE2592,,,,,,,,,,,,,
CE2594,,,,,,,,,,,,,
CE2596,,,,,,,,,,,,,
CE2597,,,,,,,,,,,,,
CE2615,,,,,,,,,,,,,
CE2616,,,,,,,,,,,,,
CE2705,,,,,,,,,,,,,
CE2725,,,,,,,,,,,,,
CE2726,,,,,,,,,,,,,
CE2727,,,,,,,,,,,,,
CE2728,,,,,,,,,,,,,
CE2729,,,,,,,,,,,,,
CE2751,,,,,,,,,,,,,
CE2754,,,,,,,,,,,,,
CE2838,,,,,,,,,,,,,
CE2839,,,,,,,,,,,,,
CE2846,,,,,,,,,,,,,
CE2847,,,,,,,,,,,,,
CE2848,,,,,,,,,,,,,
CE2858,,,,,,,,,,,,,
CE2862,,,,,,,,,,,,,
CE2863,,,,,,,,,,,,,
CE2866,,,,,,,,,,,,,
CE2870,,,,,,,,,,,,,
CE2872,,,,,,,,,,,,,
CE2873,,,,,,,,,,,,,
CE2874,,,,,,,,,,,,,
CE2875,,,,,,,,,,,,,
CE2876,,,,,,,,,,,,,
CE2877,,,,,,,,,,,,,
CE2878,,,,,,,,,,,,,
CE2879,,,,,,,,,,,,,
CE2880,,,,,,,,,,,,,
CE2881,,,,,,,,,,,,,
CE2882,,,,,,,,,,,,,
CE2883,,,,,,,,,,,,,
CE2884,,,,,,,,,,,,,
CE2885,,,,,,,,,,,,,
CE2886,,,,,,,,,,,,,
CE2887,,,,,,,,,,,,,
CE2888,,,,,,,,,,,,,
CE2890,,,,,,,,,,,,,
CE2891,,,,,,,,,,,,,
CE2915,,,,,,,,,,,,,
CE2916,,,,,,,,,,,,,
CE2917,,,,,,,,,,,,,
CE2934,,,,,,,,,,,,,
CE2947,,,,,,,,,,,,,
CE2949,,,,,,,,,,,,,
CE2953,,,,,,,,,,,,,
CE2954,,,,,,,,,,,,,
CE2955,,,,,,,,,,,,,
CE2956,,,,,,,,,,,,,
CE2957,,,,,,,,,,,,,
CE2958,,,,,,,,,,,,,
CE2960,,,,,,,,,,,,,
CE2961,,,,,,,,,,,,,
CE2962,,,,,,,,,,,,,
CE2963,,,,,,,,,,,,,
CE2964,,,,,,,,,,,,,
CE3038,,,,,,,,,,,,,
CE3074,,,,,,,,,,,,,
CE3075,,,,,,,,,,,,,
CE3086,,,,,,,,,,,,,
CE3087,,,,,,,,,,,,,
CE3092,,,,,,,,,,,,,
CE3136,,,,,,,,,,,,,
CE3140,,,,,,,,,,,,,
CE3481,,,,,,,,,,,,,
CE3554,,,,,,,,,,,,,
CE4633,,,,,,,,,,,,,
CE4722,,,,,,,,,,,,,
CE4723,,,,,,,,,,,,,
CE4724,,,,,,,,,,,,,
CE4753,,,,,,,,,,,,,
CE4754,,,,,,,,,,,,,
CE4788,,,,,,,,,,,,,
CE4790,,,,,,,,,,,,,
CE4791,,,,,,,,,,,,,
CE4792,,,,,,,,,,,,,
CE4793,,,,,,,,,,,,,
CE4794,,,,,,,,,,,,,
CE4795,,,,,,,,,,,,,
CE4796,,,,,,,,,,,,,
CE4797,,,,,,,,,,,,,
CE4798,,,,,,,,,,,,,
CE4799,,,,,,,,,,,,,
CE4800,,,,,,,,,,,,,
CE4801,,,,,,,,,,,,,
CE4802,,,,,,,,,,,,,
CE4803,,,,,,,,,,,,,
CE4804,,,,,,,,,,,,,
CE4805,,,,,,,,,,,,,
CE4806,,,,,,,,,,,,,
CE4807,,,,,,,,,,,,,
CE4808,,,,,,,,,,,,,
CE4810,,,,,,,,,,,,,
CE4811,,,,,,,,,,,,,
CE4812,,,,,,,,,,,,,
CE4816,,,,,,,,,,,,,
CE4817,,,,,,,,,,,,,
CE4818,,,,,,,,,,,,,
CE4819,,,,,,,,,,,,,
CE4820,,,,,,,,,,,,,
CE4821,,,,,,,,,,,,,
CE4824,,,,,,,,,,,,,
CE4825,,,,,,,,,,,,,
CE4826,,,,,,,,,,,,,
CE4827,,,,,,,,,,,,,
CE4828,,,,,,,,,,,,,
CE4830,,,,,,,,,,,,,
CE4831,,,,,,,,,,,,,
CE4832,,,,,,,,,,,,,
CE4833,,,,,,,,,,,,,
CE4834,,,,,,,,,,,,,
CE4835,,,,,,,,,,,,,
CE4837,,,,,,,,,,,,,
CE4838,,,,,,,,,,,,,
CE4840,,,,,,,,,,,,,
CE4841,,,,,,,,,,,,,
CE4842,,,,,,,,,,,,,
CE4843,,,,,,,,,,,,,
CE4844,,,,,,,,,,,,,
CE4845,,,,,,,,,,,,,
CE4846,,,,,,,,,,,,,
CE4847,,,,,,,,,,,,,
CE4848,,,,,,,,,,,,,
CE4849,,,,,,,,,,,,,
CE4850,,,,,,,,,,,,,
CE4851,,,,,,,,,,,,,
CE4852,,,,,,,,,,,-4,,
CE4853,,,,,,,,,,,-4,,
CE4854,,,,,,,,,,,,,
CE4855,,,,,,,,,,,,,
CE4872,,,,,,,,,,,,,
CE4874,,,,,,,,,,,,,
CE4876,,,,,,,,,,,,,
CE4877,,,,,,,,,,,,,
CE4881,,,,,,,,,,,,,
CE4888,,,,,,,,,,,,,
CE4890,,,,,,,,,,,,,
CE4898,,,,,,,,,,,,,
CE4922,,,,,,,,,,,,,
CE4936,,,,,,,,,,,,,
CE4968,,,,,,,,,,,,,
CE4969,,,,,,,,,,,,,
CE4970,,,,,,,,,,,,,
CE4980,,,,,,,,,,,,,
CE4987,,,,,,,,,,,,,
CE4988,,,,,,,,,,,,,
CE4989,,,,,,,,,,,,,
CE4990,,,,,,,,,,,,,
CE4993,,,,,,,,,,,,,
CE5013,,,,,,,,,,,,,
CE5014,,,,,,,,,,,,,
CE5016,,,,,,,,,,,,,
CE5021,,,,,,,,,,,,,
CE5022,,,,,,,,,,,,,
CE5025,,,,,,,,,,,,,
CE5026,,,,,,,,,,,,,
CE5049,,,,,,,,,,,,,
CE5068,,,,,,,,,,,,,
CE5072,,,,,,,,,,,,,
CE5082,,,,,,,,,,,,,
CE5101,,,,,,,,,,,,,
CE5114,,,,,,,,,,,,,
CE5115,,,,,,,,,,,,,
CE5116,,,,,,,,,,,,,
CE5117,,,,,,,,,,,,,
CE5118,,,,,,,,,,,,,
CE5119,,,,,,,,,,,,,
CE5120,,,,,,,,,,,,,
CE5122,,,,,,,,,,,,,
CE5123,,,,,,,,,,,,,
CE5125,,,,,,,,,,,,,
CE5126,,,,,,,,,,,,,
CE5133,,,,,,,,,,,,,
CE5138,,,,,,,,,,,,,
CE5139,,,,,,,,,,,,,
CE5140,,,,,,,,,,,,,
CE5141,,,,,,,,,,,,,
CE5144,,,,,,,,,,,,,
CE5148,,,,,,,,,,,,,
CE5150,,,,,,,,,,,,,
CE5151,,,,,,,,,,,,,
CE5152,,,,,,,,,,,,,
CE5153,,,,,,,,,,,,,
CE5154,,,,,,,,,,,,,
CE5155,,,,,,,,,,,,,
CE5156,,,,,,,,,,,,,
CE5157,,,,,,,,,,,,,
CE5158,,,,,,,,,,,,,
CE5160,,,,,,,,,,,,,
CE5161,,,,,,,,,,,,,
CE5162,,,,,,,,,,,,,
CE5166,,,,,,,,,,,,,
CE5168,,,,,,,,,,,,,
CE5169,,,,,,,,,,,,,
CE5178,,,,,,,,,,,,,
CE5179,,,,,,,,,,,,,
CE5236,,,,,,,,,,,,,
CE5239,,,,,,,,,,,,,
CE5240,,,,,,,,,,,,,
CE5241,,,,,,,,,,,,,
CE5242,,,,,,,,,,,,,
CE5243,,,,,,,,,,,,,
CE5244,,,,,,,,,,,,,
CE5249,,,,,,,,,,,,,
CE5250,,,,,,,,,,,,,
CE5251,,,,,,,,,,,,,
CE5252,,,,,,,,,,,,,
CE5253,,,,,,,,,,,,,
CE5254,,,,,,,,,,,,,
CE5255,,,,,,,,,,,,,
CE5256,,,,,,,,,,,,,
CE5272,,,,,,,,,,,,,
CE5274,,,,,,,,,,,,,
CE5276,,,,,,,,,,,,,
CE5277,,,,,,,,,,,,,
CE5278,,,,,,,,,,,,,
CE5304,,,,,,,,,,,,,
CE5305,,,,,,,,,,,,,
CE5306,,,,,,,,,,,,,
CE5307,,,,,,,,,,,,,
CE5308,,,,,,,,,,,,,
CE5309,,,,,,,,,,,,,
CE5310,,,,,,,,,,,,,
CE5311,,,,,,,,,,,,,
CE5312,,,,,,,,,,,,,
CE5313,,,,,,,,,,,,,
CE5314,,,,,,,,,,,,,
CE5315,,,,,,,,,,,,,
CE5316,,,,,,,,,,,,,
CE5317,,,,,,,,,,,,,
CE5318,,,,,,,,,,,,,
CE5319,,,,,,,,,,,,,
CE5320,,,,,,,,,,,,,
CE5321,,,,,,,,,,,,,
CE5322,,,,,,,,,,,,,
CE5323,,,,,,,,,,,,,
CE5324,,,,,,,,,,,,,
CE5325,,,,,,,,,,,,,
CE5326,,,,,,,,,,,,,
CE5327,,,,,,,,,,,,,
CE5328,,,,,,,,,,,,,
CE5329,,,,,,,,,,,,,
CE5331,,,,,,,,,,,,,
CE5337,,,,,,,,,,,,,
CE5341,,,,,,,,,,,,,
CE5342,,,,,,,,,,,,,
CE5343,,,,,,,,,,,,,
CE5344,,,,,,,,,,,,,
CE5345,,,,,,,,,,,,,
CE5346,,,,,,,,,,,,,
CE5347,,,,,,,,,,,,,
CE5348,,,,,,,,,,,,,
CE5349,,,,,,,,,,,,,
CE5350,,,,,,,,,,,,,
CE5352,,,,,,,,,,,,,
CE5456,,,,,,,,,,,,,
CE5525,,,,,,,,,,,,,
CE5526,,,,,,,,,,,,,
CE5527,,,,,,,,,,,,,
CE5528,,,,,,,,,,,,,
CE5530,,,,,,,,,,,,,
CE5531,,,,,,,,,,,,,
CE5533,,,,,,,,,,,,,
CE5534,,,,,,,,,,,,,
CE5535,,,,,,,,,,,,,
CE5536,,,,,,,,,,,,,
CE5537,,,,,,,,,,,,,
CE5538,,,,,,,,,,,,,
CE5541,,,,,,,,,,,,,
CE5542,,,,,,,,,,,,,
CE5544,,,,,,,,,,,,,
CE5545,,,,,,,,,,,,,
CE5546,,,,,,,,,,,,,
CE5547,,,,,,,,,,,,,
CE5586,,,,,,,,,,,,,
CE5588,,,,,,,,,,,,,
CE5591,,,,,,,,,,,,,
CE5592,,,,,,,,,,,,,
CE5593,,,,,,,,,,,,,
CE5594,,,,,,,,,,,,,
CE5626,,,,,,,,,,,,,
CE5627,,,,,,,,,,,,,
CE5629,,,,,,,,,,,,,
CE5643,,,,,,,,,,,,,
CE5652,,,,,,,,,,,,,
CE5653,,,,,,,,,,,,,
CE5654,,,,,,,,,,,,,
CE5655,,,,,,,,,,,,,
CE5656,,,,,,,,,,,,,
CE5661,,,,,,,,,,,,,
CE5662,,,,,,,,,,,,,
CE5663,,,,,,,,,,,,,
CE5665,,,,,,,,,,,,,
CE5698,,,,,,,,,,,,,
CE5700,,,,,,,,,,,,,
CE5708,,,,,,,,,,,,,
CE5718,,,,,,,,,,,,,
CE5719,,,,,,,,,,,,,
CE5721,,,,,,,,,,,,,
CE5723,,,,,,,,,,,,,
CE5726,,,,,,,,,,,,,
CE5727,,,,,,,,,,,,,
CE5730,,,,,,,,,,,,,
CE5747,,,,,,,,,,,,,
CE5752,,,,,,,,,,,,,
CE5753,,,,,,,,,,,,,
CE5754,,,,,,,,,,,,,
CE5755,,,,,,,,,,,,,
CE5756,,,,,,,,,,,,,
CE5757,,,,,,,,,,,,,
CE5775,,,,,,,,,,,,,
CE5776,,,,,,,,,,,,,
CE5782,,,,,,,,,,,,,
CE5783,,,,,,,,,,,,,
CE5786,,,,,,,,,,,,,
CE5787,,,,,,,,,,,,,
CE5788,,,,,,,,,,,,,
CE5789,,,,,,,,,,,,,
CE5791,,,,,,,,,,,,,
CE5794,,,,,,,,,,,,,
CE5795,,,,,,,,,,,,,
CE5796,,,,,,,,,,,,,
CE5797,,,,,,,,,,,,,
CE5798,,,,,,,,,,,,,
CE5799,,,,,,,,,,,,,
CE5800,,,,,,,,,,,,,
CE5815,,,,,,,,,,,,,
CE5820,,,,,,,,,,,,,
CE5828,,,,,,,,,,,,,
CE5829,,,,,,,,,,,,,
CE5835,,,,,,,,,,,,,
CE5837,,,,,,,,,,,,,
CE5838,,,,,,,,,,,,,
CE5839,,,,,,,,,,,,,
CE5840,,,,,,,,,,,,,
CE5842,,,,,,,,,,,,,
CE5843,,,,,,,,,,,,,
CE5844,,,,,,,,,,,,,
CE5845,,,,,,,,,,,,,
CE5846,,,,,,,,,,,,,
CE5847,,,,,,,,,,,,,
CE5848,,,,,,,,,,,,,
CE5849,,,,,,,,,,,,,
CE5850,,,,,,,,,,,,,
CE5851,,,,,,,,,,,,,
CE5853,,,,,,,,,,,,,
CE5854,,,,,,,,,,,,,
CE5855,,,,,,,,,,,,,
CE5856,,,,,,,,,,,,,
CE5860,,,,,,,,,,,,,
CE5865,,,,,,,,,,,,,
CE5866,,,,,,,,,,,,,
CE5867,,,,,,,,,,,,,
CE5868,,,,,,,,,,,,,
CE5869,,,,,,,,,,,,,
CE5875,,,,,,,,,,,,,
CE5898,,,,,,,,,,,,,
CE5920,,,,,,,,,,,,,
CE5921,,,,,,,,,,,,,
CE5922,,,,,,,,,,,,,
CE5924,,,,,,,,,,,,,
CE5925,,,,,,,,,,,,,
CE5926,,,,,,,,,,,,,
CE5928,,,,,,,,,,,,,
CE5929,,,,,,,,,,,,,
CE5930,,,,,,,,,,,,,
CE5931,,,,,,,,,,,,,
CE5932,,,,,,,,,,,,,
CE5934,,,,,,,,,,,,,
CE5935,,,,,,,,,,,,,
CE5936,,,,,,,,,,,,,
CE5938,,,,,,,,,,,,,
CE5939,,,,,,,,,,,,,
CE5940,,,,,,,,,,,,,
CE5941,,,,,,,,,,,,,
CE5942,,,,,,,,,,,,,
CE5943,,,,,,,,,,,,,
CE5944,,,,,,,,,,,,,
CE5945,,,,,,,,,,,,,
CE5946,,,,,,,,,,,,,
CE5947,,,,,,,,,,,,,
CE5956,,,,,,,,,,,,,
CE5966,,,,,,,,,,,,,
CE5967,,,,,,,,,,,,,
CE5968,,,,,,,,,,,,,
CE5969,,,,,,,,,,,,,
CE5970,,,,,,,,,,,,,
CE5971,,,,,,,,,,,,,
CE5976,,,,,,,,,,,,,
CE5982,,,,,,,,,,,,,
CE5986,,,,,,,,,,,,,
CE5994,,,,,,,,,,,,,
CE5995,,,,,,,,,,,,,
CE6000,,,,,,,,,,,,,
CE6027,,,,,,,,,,,,,
CE6031,,,,,,,,,,,,,
CE6182,,,,,,,,,,,,,
CE6183,,,,,,,,,,,,,
CE6184,,,,,,,,,,,,,
CE6185,,,,,,,,,,,,,
CE6186,,,,,,,,,,,,,
CE6187,,,,,,,,,,,,,
CE6188,,,,,,,,,,,,,
CE6189,,,,,,,,,,,,,
CE6190,,,,,,,,,,,,,
CE6191,,,,,,,,,,,,,
CE6192,,,,,,,,,,,,,
CE6193,,,,,,,,,,,,,
CE6195,,,,,,,,,,,,,
CE6197,,,,,,,,,,,,,
CE6198,,,,,,,,,,,,,
CE6204,,,,,,,,,,,,,
CE6205,,,,,,,,,,,,,
CE6219,,,,,,,,,,,,,
CE6225,,,,,,,,,,,,,
CE6226,,,,,,,,,,,,,
CE6227,,,,,,,,,,,,,
CE6228,,,,,,,,,,,,,
CE6229,,,,,,,,,,,,,
CE6230,,,,,,,,,,,,,
CE6232,,,,,,,,,,,,,
CE6234,,,,,,,,,,,,,
CE6235,,,,,,,,,,,,,
CE6240,,,,,,,,,,,,,
CE6241,,,,,,,,,,,,,
CE6242,,,,,,,,,,,,,
CE6243,,,,,,,,,,,,,
CE6244,,,,,,,,,,,,,
CE6245,,,,,,,,,,,,,
CE6246,,,,,,,,,,,,,
CE6247,,,,,,,,,,,,,
CE6248,,,,,,,,,,,,,
CE6250,,,,,,,,,,,,,
CE6251,,,,,,,,,,,,,
CE6252,,,,,,,,,,,,,
CE6316,,,,,,,,,,,,,
CE6317,,,,,,,,,,,,,
CE6415,,,,,,,,,,,,,
CE6420,,,,,,,,,,,,,
CE6423,,,,,,,,,,,,,
CE6426,,,,,,,,,,,,,
CE6429,,,,,,,,,,,,,
CE6432,,,,,,,,,,,,,
CE6435,,,,,,,,,,,,,
CE6438,,,,,,,,,,,,,
CE6444,,,,,,,,,,,,,
CE6445,,,,,,,,,,,,,
CE6446,,,,,,,,,,,,,
CE6447,,,,,,,,,,,,,
CE6448,,,,,,,,,,,,,
CE6449,,,,,,,,,,,,,
CE6450,,,,,,,,,,,,,
CE6451,,,,,,,,,,,,,
CE6452,,,,,,,,,,,,,
CE6453,,,,,,,,,,,,,
CE6454,,,,,,,,,,,,,
CE6455,,,,,,,,,,,,,
CE6456,,,,,,,,,,,,,
CE6457,,,,,,,,,,,,,
CE6458,,,,,,,,,,,,,
CE6459,,,,,,,,,,,,,
CE6460,,,,,,,,,,,,,
CE6461,,,,,,,,,,,,,
CE6462,,,,,,,,,,,,,
CE6463,,,,,,,,,,,,,
CE6464,,,,,,,,,,,,,
CE6465,,,,,,,,,,,,,
CE6466,,,,,,,,,,,,,
CE6467,,,,,,,,,,,,,
CE6502,,,,,,,,,,,,,
CE6504,,,,,,,,,,,,,
CE6506,,,,,,,,,,,,,
CE6508,,,,,,,,,,,,,
CE6583,,,,,,,,,,,,,
CE6584,,,,,,,,,,,,,
CE6585,,,,,,,,,,,,,
CE7047,,,,,,,,,,,,,
CE7072,,,,,,,,,,,,,
CE7074,,,,,,,,,,,,,
CE7079,,,,,,,,,,,,,
CE7081,,,,,,,,,,,,,
CE7082,,,,,,,,,,,,,
CE7083,,,,,,,,,,,,,
CE7084,,,,,,,,,,,,,
CE7085,,,,,,,,,,,,,
CE7086,,,,,,,,,,,,,
CE7087,,,,,,,,,,,,,
CE7088,,,,,,,,,,,,,
CE7090,,,,,,,,,,,,,
CE7091,,,,,,,,,,,,,
CE7096,,,,,,,,,,,,,
CE7097,,,,,,,,,,,,,
CE7101,,,,,,,,,,,,,
CE7109,,,,,,,,,,,,,
CE7110,,,,,,,,,,,,,
CE7111,,,,,,,,,,,,,
CE7112,,,,,,,,,,,,,
CE7113,,,,,,,,,,,,,
CE7114,,,,,,,,,,,,,
CE7115,,,,,,,,,,,,,
CE7122,,,,,,,,,,,,,
CE7144,,,,,,,,,,,,,
CE7145,,,,,,,,,,,,,
CE7172,,,,,,,,,,,,,
CE7218,,,,,,,,,,,,,
CE7220,,,,,,,,,,,,,
CE7228,,,,,,,,,,,,,
CE7231,,,,,,,,,,,,,
cgly,,,,,,,,,,,,,
ch4s,,,,,,,,,,,,,
chito2pdol_L,,,,,,,,,,,,,
chito2pdol_U,,,,,,,,,,,,,
chlstol,,,,,,,,,,,,,
chol,,,,,,,,,,,,,
cholate,,,,,,,,,,,,,
cholcoa,,,,,,,,,,,,,
cholcoads,,,,,,,,,,,,,
cholcoaone,,,,,,,,,,,,,
cholcoar,,,,,,,,,,,,,
cholcoas,,,,,,,,,,,,,
cholp,,,,,,,,,,,,,
chsterol,,,,,,,,,,,,,
chsterols,,,,,,,,,,,,,
chtn,,,,,,,,,,,,,
chylo_hs,,,,,,,,,,,,,
cit,,,,,,,,,,,,,
citmcoa_L,,,,,,,,,,,,,
citr_L,,,,,,,,,,,,,
cl,,,,,,,,,,,,,
clpn_hs,,,,,,,,,,,,,
clpnd,,,,,,,,,,,,,
clpndcoa,,,,,,,,,,,,,
clpndcrn,,,,,,,,,,,,,
cmp,,,,,,,,,,,,,
cmp2amep,,,,,,,,,,,,,
cmpacna,,,,,,,,,,,,,
cmpntm2amep,,,,,,,,,,,,,
cmusa,,,,,,,,,,,,,
CN0009,,,,,,,,,,,,,
CN0010,,,,,,,,,,,,,
CN0011,,,,,,,,,,,,,
CN0012,,,,,,,,,,,,,
CN0016,,,,,,,,,,,,,
CN0017,,,,,,,,,,,,,
CN0018,,,,,,,,,,,,,
CN0019,,,,,,,,,,,,,
CN0020,,,,,,,,,,,,,
CN0021,,,,,,,,,,,,,
CN0022,,,,,,,,,,,,,
CN0023,,,,,,,,,,,,,
co,,,,,,,,,,,,,
co2,,,,,,,,,,,,,
coa,,,,,,,,,,,,,
coke,,,,,,,,,,,,,
coprost,,,,,,,,,,,,,
core2,,,,,,,,,,,,,
core3,,,,,,,,,,,,,
core4,,,,,,,,,,,,,
core5,,,,,,,,,,,,,
core6,,,,,,,,,,,,,
core7,,,,,,,,,,,,,
core8,,,,,,,,,,,,,
cortsn,,,,,,,,,,,,,
coucoa,,,,,,,,,,,,,
coumarin,,,,,,,,,,,,,
cpppg1,,,,,,,,,,,,,
cpppg3,,,,,,,,,,,,,
creat,,,,,,,,,,,,,
crglz,,,,,,,,,,,,,
crm_hs,,,,,,,,,,,,,
crmp_hs,,,,,,,,,,,,,
crn,,,,,,,,,,,,,
crtn,,,,,,,,,,,,,
crtsl,,,,,,,,,,,,,
crtstrn,,,,,,,,,,,,,
crvnc,,,,,,,,,,,,,
crvs,,,,,,,,,,,,,
crvsm1,,,,,,,,,,,,,
crvsm22,,,,,,,,,,,,,
crvsm23,,,,,,,,,,,,,
crvsm24,,,,,,,,,,,,,
crvsm31,,,,,,,,,,,,,
cs_a,,,,,,,,,,,,,
cs_a_b_e_pre1,,,,,,,,,,,,,
cs_a_b_pre2,,,,,,,,,,,,,
cs_a_b_pre3,,,,,,,,,,,,,
cs_a_deg1,,,,,,,,,,,,,
cs_a_deg2,,,,,,,,,,,,,
cs_a_deg3,,,,,,,,,,,,,
cs_a_deg4,,,,,,,,,,,,,
cs_a_deg5,,,,,,,,,,,,,
cs_b,,,,,,,,,,,,,
cs_b_deg1,,,,,,,,,,,,,
cs_b_deg2,,,,,,,,,,,,,
cs_b_deg3,,,,,,,,,,,,,
cs_b_pre4,,,,,,,,,,,,,
cs_b_pre5,,,,,,,,,,,,,
cs_c,,,,,,,,,,,,,
cs_c_d_e_pre1,,,,,,,,,,,,,
cs_c_deg1,,,,,,,,,,,,,
cs_c_deg2,,,,,,,,,,,,,
cs_c_deg3,,,,,,,,,,,,,
cs_c_deg4,,,,,,,,,,,,,
cs_c_deg5,,,,,,,,,,,,,
cs_c_pre2,,,,,,,,,,,,,
cs_c_pre3,,,,,,,,,,,,,
cs_d,,,,,,,,,,,,,
cs_d_deg1,,,,,,,,,,,,,
cs_d_deg2,,,,,,,,,,,,,
cs_d_deg3,,,,,,,,,,,,,
cs_d_deg4,,,,,,,,,,,,,
cs_d_deg5,,,,,,,,,,,,,
cs_d_deg6,,,,,,,,,,,,,
cs_d_pre2,,,,,,,,,,,,,
cs_d_pre3,,,,,,,,,,,,,
cs_d_pre4,,,,,,,,,,,,,
cs_d_pre5,,,,,,,,,,,,,
cs_e,,,,,,,,,,,,,
cs_e_deg1,,,,,,,,,,,,,
cs_e_deg2,,,,,,,,,,,,,
cs_e_deg3,,,,,,,,,,,,,
cs_e_deg4,,,,,,,,,,,,,
cs_e_deg5,,,,,,,,,,,,,
cs_e_deg6,,,,,,,,,,,,,
cs_e_deg7,,,,,,,,,,,,,
cs_e_pre2,,,,,,,,,,,,,
cs_e_pre3,,,,,,,,,,,,,
cs_e_pre4,,,,,,,,,,,,,
cs_e_pre5a,,,,,,,,,,,,,
cs_e_pre5b,,,,,,,,,,,,,
cs_hs_linkage,,,,,,,,,,,,,
cs_pre,,,,,,,,,,,,,
csa,,,,,,,,,,,,,
csasulp,,,,,,,,,,,,,
csn,,,,,,,,,,,,,
cspg_a,,,,,,,,,,,,,
cspg_b,,,,,,,,,,,,,
cspg_c,,,,,,,,,,,,,
cspg_d,,,,,,,,,,,,,
cspg_e,,,,,,,,,,,,,
ctdecdcoa,,,,,,,,,,,,,
ctp,,,,,,,,,,,,,
cu2,,,,,,,,,,,,,
cvm1gluc,,,,,,,,,,,,,
cvm23gluc,,,,,,,,,,,,,
cyan,,,,,,,,,,,,,
cynt,,,,,,,,,,,,,
cys_L,,,,,,,,,,,,,
cysacmp,,,,,,,,,,,,,
cysam,,,,,,,,,,,,,
cysasnmet,,,,,,,,,,,,,
cysaspphe,,,,,,,,,,,,,
cyscys,,,,,,,,,,,,,
cysglnmet,,,,,,,,,,,,,
cysgluhis,,,,,,,,,,,,,
cysglutrp,,,,,,,,,,,,,
cysleuthr,,,,,,,,,,,,,
cyssermet,,,,,,,,,,,,,
cyst_L,,,,,,,,,,,,,
cystyrasn,,,,,,,,,,,,,
cytd,,,,,,,,,,,,,
dad_2,,,,,,,,,,,,,
dad_5,,,,,,,,,,,,,
dadp,,,,,,,,,,,,,
dag_hs,,,,,,,,,,,,,
dak2gpe_hs,,,,,,,,,,,,,
damp,,,,,,,,,,,,,
datp,,,,,,,,,,,,,
dc2coa,,,,,,,,,,,,,
dca,,,,,,,,,,,,,
dca24g,,,,,,,,,,,,,
dca3g,,,,,,,,,,,,,
dca3s,,,,,,,,,,,,,
dcacoa,,,,,,,,,,,,,
dcamp,,,,,,,,,,,,,
dcdp,,,,,,,,,,,,,
dchac,,,,,,,,,,,,,
dcholcoa,,,,,,,,,,,,,
dcmp,,,,,,,,,,,,,
dcsptn1,,,,,,,,,,,-1,,
dcsptn1coa,,,,,,,,,,,,,
dcsptn1crn,,,,,,,,,,,,,
dctp,,,,,,,,,,,,,
dcyt,,,,,,,,,,,,,
dd2coa,,,,,,,,,,,,,
dd3coa,,,,,,,,,,,,,
dd5ecoa,,,,,,,,,,,,,
ddca,,,,,,,,,,,,,
ddcaACP,,,,,,,,,,,,,
ddcacoa,,,,,,,,,,,,,
ddeccrn,,,,,,,,,,,,,
ddece1crn,,,,,,,,,,,,,
ddsmsterol,,,,,,,,,,,,,
debrisoquine,,,,,,,,,,,,,
dec24dicoa,,,,,,,,,,,,,
dec47dicoa,,,,,,,,,,,,,
decdicoa,,,,,,,,,,,,,
decdicrn,,,,,,,,,,,,,
decdp,,,,,,,,,,,,,
dece3coa,,,,,,,,,,,,,
dece4coa,,,,,,,,,,,,,
dectricoa,,,,,,,,,,,,,
dedol_L,,,,,,,,,,,,,
dedol_U,,,,,,,,,,,,,
dedoldp_L,,,,,,,,,,,,,
dedoldp_U,,,,,,,,,,,,,
dedolp_L,,,,,,,,,,,,,
dedolp_U,,,,,,,,,,,,,
dem2emgacpail_prot_hs,,,,,,,,,,,,,
deoxfvs,,,,,,,,,,,,,
desfvs,,,,,,,,,,,,,
dgchol,,,,,,,,,,,,,
dgcholcoa,,,,,,,,,,,,,
dgdp,,,,,,,,,,,,,
dgmp,,,,,,,,,,,,,
dgpi_prot_hs,,,,,,,,,,,,,
dgsn,,,,,,,,,,,,,
dgtp,,,,,,,,,,,,,
dha,,,,,,,,,,,,,
dhap,,,,,,,,,,,,,
dhbpt,,,,,,,,,,,,,
dhcholestanate,,,,,,,,,,,,,
dhcholestancoa,,,,,,,,,,,,,
dhcholoylcoa,,,,,,,,,,,,,
dhcrm_hs,,,,,,,,,,,,,
dhdascb,,,,,,,,,,,,,
dhea,,,,,,,,,,,,,
dheas,,,,,,,,,,,,,
dhf,,,,,,,,,,,,,
dhglz,,,,,,,,,,,,,
dhlam,,,,,,,,,,,,,
dhlpro,,,,,,,,,,,,,
dhmtp,,,,,,,,,,,,,
dhor_S,,,,,,,,,,,,,
didecaeth,,,,,,,,,,,,,
didp,,,,,,,,,,,,,
digalsgalside_hs,,,,,,,,,,,,,
digalside_hs,,,,,,,,,,,,,
diholineth,,,,,,,,,,,,,
dimp,,,,,,,,,,,,,
din,,,,,,,,,,,,,
ditp,,,,,,,,,,,,,
dkmpp,,,,,,,,,,,,,
dlnlcg,,,,,,,,,,,,,
dlnlcgcoa,,,,,,,,,,,,,
dlnlcgcrn,,,,,,,,,,,,,
dma,,,,,,,,,,,,,
dmantipyrine,,,,,,,,,,,,,
dmgly,,,,,,,,,,,,,
dmhepcoa,,,,,,,,,,,,,
dmhptcoa,,,,,,,,,,,,,
dmhptcrn,,,,,,,,,,,,,
dmnoncoa,,,,,,,,,,,,,
dmnoncrn,,,,,,,,,,,,,
dmpp,,,,,,,,,,,,,
dna,,,,,,,,,,,,,
dna5mtc,,,,,,,,,,,,,
dnad,,,,,,,,,,,,,
doco13ac,,,,,,,,,,,,,
doco13ecoa,,,,,,,,,,,,,
docohepcoa,,,,,,,,,,,,,
docohexcoa,,,,,,,,,,,,,
docohxeth,,,,,,,,,,,,,
docosac,,,,,,,,,,,,,
docosahexcoa,,,,,,,,,,,,,
docoscoa,,,,,,,,,,,,,
docosdiac,,,,,,,,,,,,,
docteteth,,,,,,,,,,,,,
dodecanac,,,,,,,,,,,,,
doldp_L,,,,,,,,,,,,,
doldp_U,,,,,,,,,,,,,
dolglcp_L,,,,,,,,,,,,,
dolglcp_U,,,,,,,,,,,,,
dolichol_L,,,,,,,,,,,,,
dolichol_U,,,,,,,,,,,,,
dolmanp_L,,,,,,,,,,,,,
dolmanp_U,,,,,,,,,,,,,
dolp_L,,,,,,,,,,,,,
dolp_U,,,,,,,,,,,,,
dopa,,,,,,,,,,,,,
dopa3glcur,,,,,,,,,,,,,
dopa4glcur,,,,,,,,,,,,,
dopa4sf,,,,,,,,,,,,,
dopaqn,,,,,,,,,,,,,
dopasf,,,,,,,,,,,,,
dpcoa,,,,,,,,,,,,,
drib,,,,,,,,,,,,,
dsmsterol,,,,,,,,,,,,,
dspvs,,,,,,,,,,,,,
dsT_antigen,,,,,,,,,,,,,
dtdp,,,,,,,,,,,,,
dtdp4d6dg,,,,,,,,,,,,,
dtdp4d6dm,,,,,,,,,,,,,
dtdpglu,,,,,,,,,,,,,
dtdprmn,,,,,,,,,,,,,
dtmp,,,,,,,,,,,,,
dtt,,,,,,,,,,,,,
dttOX,,,,,,,,,,,,,
dttp,,,,,,,,,,,,,
dudp,,,,,,,,,,,,,
dump,,,,,,,,,,,,,
duri,,,,,,,,,,,,,
dutp,,,,,,,,,,,,,
dxtrn,,,,,,,,,,,,,
e4hglu,,,,,,,,,,,,,
e4p,,,,,,,,,,,,,
eaflatoxin,,,,,,,,,,,,,
eandrstrn,,,,,,,,,,,,,
ebastine,,,,,,,,,,,,,
ebastineoh,,,,,,,,,,,,,
ecgon,,,,,,,,,,,,,
egme,,,,,,,,,,,,,
ei11ecoa,,,,,,,,,,,,,
eic21114tr,,,,,,,,,,,,,
eicostet,,,,,,,,,,,,,
eicostetcoa,,,,,,,,,,,,,
eicostetcrn,,,,,,,,,,,,,
eidi1114ac,,,,,,,,,,,,,
eipencoa,,,,,,,,,,,,,
eitetcoa,,,,,,,,,,,,,
elaid,,,,,,,,,,,,,
elaidcrn,,,,,,,,,,,,,
em2emgacpail_hs,,,,,,,,,,,,,
em2emgacpail_prot_hs,,,,,,,,,,,,,
em3gacpail_hs,,,,,,,,,,,,,
emem2gacpail_hs,,,,,,,,,,,,,
emgacpail_hs,,,,,,,,,,,,,
epoxtac,,,,,,,,,,,,,
eryth,,,,,,,,,,,,,
estradiol,,,,,,,,,,,,,
estradiolglc,,,,,,,,,,,,,
estriol,,,,,,,,,,,,,
estriolglc,,,,,,,,,,,,,
estrone,,,,,,,,,,,,,
estroneglc,,,,,,,,,,,,,
estrones,,,,,,,,,,,,,
etfox,,,,,,,,,,,,,
etfrd,,,,,,,,,,,,,
etha,,,,,,,,,,,,,
ethamp,,,,,,,,,,,,,
ethmalac,,,,,,,,,,,,,
ethmalcoa,,,,,,,,,,,,,
etoh,,,,,,,,,,,,,
eumelanin,,,,,,,,,,,,,
f1a,,,,,,,,,,,,,
f1p,,,,,,,,,,,,,
f26bp,,,,,,,,,,,,,
f5hoxkyn,,,,,,,,,,,,,
f6p,,,,,,,,,,,,,
fad,,,,,,,,,,,,,
fadh2,,,,,,,,,,,,,
fald,,,,,,,,,,,,,
fdp,,,,,,,,,,,,,
fe2,,,,,,,,,,,,,
fe3,,,,,,,,,,,,,
fgam,,,,,,,,,,,,,
ficytC,,,,,,,,,,,,,
fmn,,,,,,,,,,,,,
fn2m2masn,,,,,,,,,,,,,
fna5moxam,,,,,,,,,,,,,
focytC,,,,,,,,,,,,,
fol,,,,,,,,,,,,,
for,,,,,,,,,,,,,
forglu,,,,,,,,,,,,,
formcoa,,,,,,,,,,,,,
fpram,,,,,,,,,,,,,
fprica,,,,,,,,,,,,,
frdp,,,,,,,,,,,,,
fru,,,,,,,,,,,,,
fuc_L,,,,,,,,,,,,,
fuc12gal14acglcgalgluside_hs,,,,,,,,,,,,,
fuc132galacglcgal14acglcgalgluside_hs,,,,,,,,,,,,,
fuc13galacglcgal14acglcgalgluside_hs,,,,,,,,,,,,,
fuc14galacglcgalgluside_hs,,,,,,,,,,,,,
fuc1p_L,,,,,,,,,,,,,
fucacgalfucgalacglcgalgluside_hs,,,,,,,,,,,,,
fucacngal14acglcgalgluside_hs,,,,,,,,,,,,,
fucacngalacglcgalgluside_hs,,,,,,,,,,,,,
fucfuc12gal14acglcgalgluside_hs,,,,,,,,,,,,,
fucfuc132galacglcgal14acglcgalgluside_hs,,,,,,,,,,,,,
fucfucfucgalacglc13galacglcgal14acglcgalgluside_hs,,,,,,,,,,,,,
fucfucfucgalacglcgal14acglcgalgluside_hs,,,,,,,,,,,,,
fucfucgalacglc13galacglcgal14acglcgalgluside_hs,,,,,,,,,,,,,
fucfucgalacglcgal14acglcgalgluside_hs,,,,,,,,,,,,,
fucfucgalacglcgalacglcgal14acglcgalgluside_hs,,,,,,,,,,,,,
fucfucgalacglcgalgluside_hs,,,,,,,,,,,,,
fucgal14acglcgalgluside_hs,,,,,,,,,,,,,
fucgalacgalfuc12gal14acglcgalgluside_hs,,,,,,,,,,,,,
fucgalacgalfucgalacglcgal14acglcgalgluside_hs,,,,,,,,,,,,,
fucgalacglc13galacglcgal14acglcgalgluside_hs,,,,,,,,,,,,,
fucgalacglcgal14acglcgalgluside_hs,,,,,,,,,,,,,
fucgalacglcgalgluside_hs,,,,,,,,,,,,,
fucgalfucgalacglcgalgluside_hs,,,,,,,,,,,,,
fucgalgbside_hs,,,,,,,,,,,,,
fum,,,,,,,,,,,,,
fvs,,,,,,,,,,,,,
fvscoa,,,,,,,,,,,,,
fvsgluc,,,,,,,,,,,,,
fvstet,,,,,,,,,,,,,
fvstetglu,,,,,,,,,,,,,
g1m6masnB1,,,,,,,,,,,,,
g1m7masnB,,,,,,,,,,,,,
g1m7masnC,,,,,,,,,,,,,
g1m8masn,,,,,,,,,,,,,
g1m8mpdol_L,,,,,,,,,,,,,
g1m8mpdol_U,,,,,,,,,,,,,
g1p,,,,,,,,,,,,,
g2m8masn,,,,,,,,,,,,,
g2m8mpdol_L,,,,,,,,,,,,,
g2m8mpdol_U,,,,,,,,,,,,,
g3m8masn,,,,,,,,,,,,,
g3m8mpdol_L,,,,,,,,,,,,,
g3m8mpdol_U,,,,,,,,,,,,,
g3p,,,,,,,,,,,,,
g3pc,,,,,,,,,,,,,
g6p,,,,,,,,,,,,,
ga1_hs,,,,,,,,,,,,,
ga2_hs,,,,,,,,,,,,,
gacpail_hs,,,,,,,,,,,,,
gal,,,,,,,,,,,,,
gal14acglcgalgluside_hs,,,,,,,,,,,,,
gal1p,,,,,,,,,,,,,
galacgalfuc12gal14acglcgalgluside_hs,,,,,,,,,,,,,
galacgalfucgalacglcgal14acglcgalgluside_hs,,,,,,,,,,,,,
galacglc13galacglcgal14acglcgalgluside_hs,,,,,,,,,,,,,
galacglcgal14acglcgalgluside_hs,,,,,,,,,,,,,
galacglcgalacglcgal14acglcgalgluside_hs,,,,,,,,,,,,,
galacglcgalgbside_hs,,,,,,,,,,,,,
galacglcgalgluside_hs,,,,,,,,,,,,,
galam,,,,,,,,,,,,,
galfuc12gal14acglcgalgluside_hs,,,,,,,,,,,,,
galfucgalacglcgal14acglcgalgluside_hs,,,,,,,,,,,,,
galfucgalacglcgalgluside_hs,,,,,,,,,,,,,
galgalfucfucgalacglcgalacglcgal14acglcgalgluside_hs,,,,,,,,,,,,,
galgalgalthcrm_hs,,,,,,,,,,,,,
galgalthcrm_hs,,,,,,,,,,,,,
galgbside_hs,,,,,,,,,,,,,
galgluside_hs,,,,,,,,,,,,,
galside_hs,,,,,,,,,,,,,
galt,,,,,,,,,,,,,
galthcrm_hs,,,,,,,,,,,,,
gam,,,,,,,,,,,,,
gam6p,,,,,,,,,,,,,
gar,,,,,,,,,,,,,
gbside_hs,,,,,,,,,,,,,
gca3s,,,,,,,,,,,,,
gcald,,,,,,,,,,,,,
gcdca3s,,,,,,,,,,,,,
gchola,,,,,,,,,,,,,
gd1a_hs,,,,,,,,,,,,,
gd1b_hs,,,,,,,,,,,,,
gd1b2_hs,,,,,,,,,,,,,
gd1c_hs,,,,,,,,,,,,,
gd2_hs,,,,,,,,,,,,,
gd3_hs,,,,,,,,,,,,,
gda1_hs,,,,,,,,,,,,,
gdca3s,,,,,,,,,,,,,
gdp,,,,,,,,,,,,,
gdpddman,,,,,,,,,,,,,
gdpfuc,,,,,,,,,,,,,
gdpmann,,,,,,,,,,,,,
ggdp,,,,,,,,,,,,,
ggn,,,,,,,,,,,,,
glac,,,,,,,,,,,,,
glc_D,,,,,,,,,,,,,
glc1man,,,,,,,,,,,,,
glc2man,,,,,,,,,,,,,
glc3man,,,,,,,,,,,,,
glc3meacp,,,,,,,,,,,,,
glcn,,,,,,,,,,,,,
glcr,,,,,,,,,,,,,
glcur,,,,,,,,,,,,,
glcur1p,,,,,,,,,,,,,
glgchlo,,,,,,,,,,,,,
gln_L,,,,,,,,,,,,,
glnasngln,,,,,,,,,,,,,
glnhishis,,,,,,,,,,,,,
glnhislys,,,,,,,,,,,,,
glnlyslys,,,,,,,,,,,,,
glnlystrp,,,,,,,,,,,,,
glnproglu,,,,,,,,,,,,,
glntrpglu,,,,,,,,,,,,,
glntyrleu,,,,,,,,,,,,,
gltcho,,,,,,,,,,,,,
gltdechol,,,,,,,,,,,,,
glu_L,,,,,,,,,,,,,
glu5p,,,,,,,,,,,,,
glu5sa,,,,,,,,,,,,,
gluala,,,,,,,,,,,,,
gluargleu,,,,,,,,,,,,,
gluasnleu,,,,,,,,,,,,,
glucys,,,,,,,,,,,,,
gluglu,,,,,,,,,,,,,
gluilelys,,,,,,,,,,,,,
gluleu,,,,,,,,,,,,,
glumet,,,,,,,,,,,,,
glumethis,,,,,,,,,,,,,
gluside_hs,,,,,,,,,,,,,
glutacoa,,,,,,,,,,,,,
glutar,,,,,,,,,,,,,
glutcoa,,,,,,,,,,,,,
glutcon,,,,,,,,,,,,,
gluthr,,,,,,,,,,,,,
gluthrlys,,,,,,,,,,,,,
glutrpala,,,,,,,,,,,,,
glx,,,,,,,,,,,,,
gly,,,,,,,,,,,,,
glyald,,,,,,,,,,,,,
glyb,,,,,,,,,,,,,
glyc,,,,,,,,,,,,,
glyc_R,,,,,,,,,,,,,
glyc_S,,,,,,,,,,,,,
glyc2p,,,,,,,,,,,,,
glyc3p,,,,,,,,,,,,,
glyclt,,,,,,,,,,,,,
glygly,,,,,,,,,,,,,
glygn1,,,,,,,,,,,,,
glygn2,,,,,,,,,,,,,
glygn3,,,,,,,,,,,,,
glygn4,,,,,,,,,,,,,
glygn5,,,,,,,,,,,,,
glyhisasn,,,,,,,,,,,,,
glyhislys,,,,,,,,,,,,,
glyleu,,,,,,,,,,,,,
glylyscys,,,,,,,,,,,,,
glylysphe,,,,,,,,,,,,,
glyphe,,,,,,,,,,,,,
glypro,,,,,,,,,,,,,
glysar,,,,,,,,,,,,,
glytyrlys,,,,,,,,,,,,,
glyvalhis,,,,,,,,,,,,,
glz,,,,,,,,,,,,,
gm1_hs,,,,,,,,,,,,,
gm1a_hs,,,,,,,,,,,,,
gm1b_hs,,,,,,,,,,,,,
gm2_hs,,,,,,,,,,,,,
gm2a_hs,,,,,,,,,,,,,
gm3_hs,,,,,,,,,,,,,
gmp,,,,,,,,,,,,,
gncore1,,,,,,,,,,,,,
gncore2,,,,,,,,,,,,,
gp1c_hs,,,,,,,,,,,,,
gp1calpha_hs,,,,,,,,,,,,,
gpail_hs,,,,,,,,,,,,,
gpi_hs,,,,,,,,,,,,,
gpi_prot_hs,,,,,,,,,,,,,
gpi_sig,,,,,,,,,,,,,
gq1b_hs,,,,,,,,,,,,,
gq1balpha_hs,,,,,,,,,,,,,
gq1c_hs,,,,,,,,,,,,,
grdp,,,,,,,,,,,,,
gsn,,,,,,,,,,,,,
gt1a_hs,,,,,,,,,,,,,
gt1alpha_hs,,,,,,,,,,,,,
gt1b_hs,,,,,,,,,,,,,
gt1c_hs,,,,,,,,,,,,,
gt2_hs,,,,,,,,,,,,,
gt3_hs,,,,,,,,,,,,,
gtacmp,,,,,,,,,,,,,
gthox,,,,,,,,,,,,,
gthrd,,,,,,,,,,,,,
gtp,,,,,,,,,,,,,
gua,,,,,,,,,,,,,
gudac,,,,,,,,,,,,,
gudca3s,,,,,,,,,,,,,
gullac,,,,,,,,,,,,,
guln,,,,,,,,,,,,,
gum,,,,,,,,,,,,,
gumdchac,,,,,,,,,,,,,
gumgchol,,,,,,,,,,,,,
gumtchol,,,,,,,,,,,,,
h,,,,,,,,,,,,,
h2co3,,,,,,,,,,,,,
h2o,,,,,,,,,,,,,
h2o2,,,,,,,,,,,,,
ha,,,,,,,,,,,,,
ha_deg1,,,,,,,,,,,,,
ha_pre1,,,,,,,,,,,,,
HC00001,,,,,,,,,,,,,
HC00002,,,,,,,,,,,,,
HC00003,,,,,,,,,,,,,
HC00004,,,,,,,,,,,,,
HC00005,,,,,,,,,,,,,
HC00006,,,,,,,,,,,,,
HC00007,,,,,,,,,,,,,
HC00008,,,,,,,,,,,,,
HC00009,,,,,,,,,,,,,
HC00250,,,,,,,,,,,,,
HC00319,,,,,,,,,,,,,
HC00342,,,,,,,,,,,,,
HC00361,,,,,,,,,,,,,
HC00460,,,,,,,,,,,,,
HC00576,,,,,,,,,,,,,
HC00591,,,,,,,,,,,,,
HC00617,,,,,,,,,,,,,
HC00619,,,,,,,,,,,,,
HC00664,,,,,,,,,,,,,
HC00682,,,,,,,,,,,,,
HC00695,,,,,,,,,,,,,
HC00718,,,,,,,,,,,,,
HC00822,,,,,,,,,,,,,
HC00832,,,,,,,,,,,,,
HC00900,,,,,,,,,,,,,
HC00955,,,,,,,,,,,,,
HC01104,,,,,,,,,,,,,
HC01115,,,,,,,,,,,,,
HC01118,,,,,,,,,,,,,
HC01161,,,,,,,,,,,,,
HC01162,,,,,,,,,,,,,
HC01180,,,,,,,,,,,,,
HC01223,,,,,,,,,,,,,
HC01231,,,,,,,,,,,,,
HC01254,,,,,,,,,,,,,
HC01255,,,,,,,,,,,,,
HC01321,,,,,,,,,,,,,
HC01322,,,,,,,,,,,,,
HC01323,,,,,,,,,,,,,
HC01326,,,,,,,,,,,,,
HC01335,,,,,,,,,,,,,
HC01361,,,,,,,,,,,,,
HC01376,,,,,,,,,,,,,
HC01377,,,,,,,,,,,,,
HC01397,,,,,,,,,,,,,
HC01405,,,,,,,,,,,,,
HC01406,,,,,,,,,,,,,
HC01407,,,,,,,,,,,,,
HC01408,,,,,,,,,,,,,
HC01412,,,,,,,,,,,,,
HC01415,,,,,,,,,,,,,
HC01434,,,,,,,,,,,,,
HC01435,,,,,,,,,,,,,
HC01440,,,,,,,,,,,,,
HC01441,,,,,,,,,,,,,
HC01444,,,,,,,,,,,,,
HC01446,,,,,,,,,,,,,
HC01459,,,,,,,,,,,,,
HC01496,,,,,,,,,,,,,
HC01501,,,,,,,,,,,,,
HC01522,,,,,,,,,,,,,
HC01577,,,,,,,,,,,,,
HC01587,,,,,,,,,,,,,
HC01588,,,,,,,,,,,,,
HC01589,,,,,,,,,,,,,
HC01590,,,,,,,,,,,,,
HC01591,,,,,,,,,,,,,
HC01592,,,,,,,,,,,,,
HC01593,,,,,,,,,,,,,
HC01594,,,,,,,,,,,,,
HC01595,,,,,,,,,,,,,
HC01596,,,,,,,,,,,,,
HC01597,,,,,,,,,,,,,
HC01598,,,,,,,,,,,,,
HC01599,,,,,,,,,,,,,
HC01600,,,,,,,,,,,,,
HC01601,,,,,,,,,,,,,
HC01602,,,,,,,,,,,,,
HC01603,,,,,,,,,,,,,
HC01605,,,,,,,,,,,,,
HC01606,,,,,,,,,,,,,
HC01609,,,,,,,,,,,,,
HC01651,,,,,,,,,,,,,
HC01652,,,,,,,,,,,,,
HC01668,,,,,,,,,,,,,
HC01672,,,,,,,,,,,,,
HC01700,,,,,,,,,,,,,
HC01710,,,,,,,,,,,,,
HC01712,,,,,,,,,,,,,
HC01787,,,,,,,,,,,,,
HC01797,,,,,,,,,,,,,
HC01842,,,,,,,,,,,,,
HC01852,,,,,,,,,,,,,
HC01939,,,,,,,,,,,,,
HC01942,,,,,,,,,,,,,
HC01943,,,,,,,,,,,,,
HC01944,,,,,,,,,,,,,
HC01988,,,,,,,,,,,,,
HC02020,,,,,,,,,,,,,
HC02021,,,,,,,,,,,,,
HC02022,,,,,,,,,,,,,
HC02023,,,,,,,,,,,,,
HC02024,,,,,,,,,,,,,
HC02025,,,,,,,,,,,,,
HC02026,,,,,,,,,,,,,
HC02027,,,,,,,,,,,,,
HC02029,,,,,,,,,,,,,
HC02030,,,,,,,,,,,,,
HC02031,,,,,,,,,,,,,
HC02032,,,,,,,,,,,,,
HC02033,,,,,,,,,,,,,
HC02036,,,,,,,,,,,,,
HC02038,,,,,,,,,,,,,
HC02039,,,,,,,,,,,,,
HC02040,,,,,,,,,,,,,
HC02041,,,,,,,,,,,,,
HC02042,,,,,,,,,,,,,
HC02043,,,,,,,,,,,,,
HC02044,,,,,,,,,,,,,
HC02045,,,,,,,,,,,,,
HC02046,,,,,,,,,,,,,
HC02047,,,,,,,,,,,,,
HC02048,,,,,,,,,,,,,
HC02050,,,,,,,,,,,,,
HC02051,,,,,,,,,,,,,
HC02052,,,,,,,,,,,,,
HC02053,,,,,,,,,,,,,
HC02054,,,,,,,,,,,,,
HC02056,,,,,,,,,,,,,
HC02057,,,,,,,,,,,,,
HC02058,,,,,,,,,,,,,
HC02059,,,,,,,,,,,,,
HC02060,,,,,,,,,,,,,
HC02061,,,,,,,,,,,,,
HC02063,,,,,,,,,,,,,
HC02064,,,,,,,,,,,,,
HC02065,,,,,,,,,,,,,
HC02066,,,,,,,,,,,,,
HC02067,,,,,,,,,,,,,
HC02068,,,,,,,,,,,,,
HC02069,,,,,,,,,,,,,
HC02070,,,,,,,,,,,,,
HC02071,,,,,,,,,,,,,
HC02072,,,,,,,,,,,,,
HC02073,,,,,,,,,,,,,
HC02074,,,,,,,,,,,,,
HC02075,,,,,,,,,,,,,
HC02076,,,,,,,,,,,,,
HC02079,,,,,,,,,,,,,
HC02080,,,,,,,,,,,,,
HC02082,,,,,,,,,,,,,
HC02084,,,,,,,,,,,,,
HC02085,,,,,,,,,,,,,
HC02086,,,,,,,,,,,,,
HC02089,,,,,,,,,,,,,
HC02091,,,,,,,,,,,,,
HC02093,,,,,,,,,,,,,
HC02094,,,,,,,,,,,,,
HC02097,,,,,,,,,,,,,
HC02098,,,,,,,,,,,,,
HC02099,,,,,,,,,,,,,
HC02110,,,,,,,,,,,,,
HC02111,,,,,,,,,,,,,
HC02112,,,,,,,,,,,,,
HC02113,,,,,,,,,,,,,
HC02114,,,,,,,,,,,,,
HC02115,,,,,,,,,,,,,
HC02116,,,,,,,,,,,,,
HC02119,,,,,,,,,,,,,
HC02121,,,,,,,,,,,,,
HC02136,,,,,,,,,,,,,
HC02154,,,,,,,,,,,,,
HC02160,,,,,,,,,,,,,
HC02161,,,,,,,,,,,,,
HC02180,,,,,,,,,,,,,
HC02187,,,,,,,,,,,,,
HC02191,,,,,,,,,,,,,
HC02192,,,,,,,,,,,,,
HC02193,,,,,,,,,,,,,
HC02194,,,,,,,,,,,,,
HC02195,,,,,,,,,,,,,
HC02196,,,,,,,,,,,,,
HC02197,,,,,,,,,,,,,
HC02198,,,,,,,,,,,,,
HC02199,,,,,,,,,,,,,
HC02200,,,,,,,,,,,,,
HC02201,,,,,,,,,,,,,
HC02202,,,,,,,,,,,,,
HC02203,,,,,,,,,,,,,
HC02204,,,,,,,,,,,,,
HC02205,,,,,,,,,,,,,
HC02206,,,,,,,,,,,,,
HC02207,,,,,,,,,,,,,
HC02208,,,,,,,,,,,,,
HC02210,,,,,,,,,,,,,
HC02213,,,,,,,,,,,,,
HC02214,,,,,,,,,,,,,
HC02216,,,,,,,,,,,,,
HC02217,,,,,,,,,,,,,
HC02220,,,,,,,,,,,,,
HC02222,,,,,,,,,,,,,
HC02223,,,,,,,,,,,,,
HC02228,,,,,,,,,,,,,
HC10695,,,,,,,,,,,,,
HC10782,,,,,,,,,,,,,
HC10784,,,,,,,,,,,,,
HC10853,,,,,,,,,,,,,
HC10856,,,,,,,,,,,,,
HC10857,,,,,,,,,,,,,
HC10858,,,,,,,,,,,,,
HC10859,,,,,,,,,,,,,
HC12594,,,,,,,,,,,,,
hca24g,,,,,,,,,,,,,
hca6g,,,,,,,,,,,,,
hco3,,,,,,,,,,,,,
hcoumarin,,,,,,,,,,,,,
hcys_L,,,,,,,,,,,,,
hdca,,,,,,,,,,,,,
hdca24g,,,,,,,,,,,,,
hdca6g,,,,,,,,,,,,,
hdcea,,,,,,,,,,,,,
hdcecrn,,,,,,,,,,,,,
hdcoa,,,,,,,,,,,,,
hdd2coa,,,,,,,,,,,,,
hdd2crn,,,,,,,,,,,,,
hdeACP,,,,,,,,,,,,,
hdl_hs,,,,,,,,,,,,,
hepcoa,,,,,,,,,,,,,
hepdeceth,,,,,,,,,,,,,
hestratriol,,,,,,,,,,,,,
hexc,,,,,,,,,,,,,
hexccoa,,,,,,,,,,,,,
hexccrn,,,,,,,,,,,,,
hexddcoa,,,,,,,,,,,,,
hexde7coa,,,,,,,,,,,,,
hexdeceeth,,,,,,,,,,,,,
hexdectecoa,,,,,,,,,,,,,
hexdiac,,,,,,,,,,,,,
hexdicoa,,,,,,,,,,,,,
hexdpencoa,,,,,,,,,,,,,
hexdtr,,,,,,,,,,,,,
hexdtrcoa,,,,,,,,,,,,,
hexe3coa,,,,,,,,,,,,,
hexgly,,,,,,,,,,,,,
hgentis,,,,,,,,,,,,,
hhxdcal,,,,,,,,,,,,,
his_L,,,,,,,,,,,,,
hisargcys,,,,,,,,,,,,,
hisargser,,,,,,,,,,,,,
hisasp,,,,,,,,,,,,,
hiscyscys,,,,,,,,,,,,,
hisglnala,,,,,,,,,,,,,
hisglu,,,,,,,,,,,,,
hisglugln,,,,,,,,,,,,,
hisglylys,,,,,,,,,,,,,
hishislys,,,,,,,,,,,,,
hislysala,,,,,,,,,,,,,
hislysglu,,,,,,,,,,,,,
hislysile,,,,,,,,,,,,,
hislysthr,,,,,,,,,,,,,
hislysval,,,,,,,,,,,,,
hismet,,,,,,,,,,,,,
hismetgln,,,,,,,,,,,,,
hisphearg,,,,,,,,,,,,,
hisprolys,,,,,,,,,,,,,
hista,,,,,,,,,,,,,
histrphis,,,,,,,,,,,,,
hLkynr,,,,,,,,,,,,,
hmbil,,,,,,,,,,,,,
hmcarn,,,,,,,,,,,,,
hmcr,,,,,,,,,,,,,
hmgcoa,,,,,,,,,,,,,
hnifedipine,,,,,,,,,,,,,
hom_L,,,,,,,,,,,,,
homoval,,,,,,,,,,,,,
hpdca,,,,,,,,,,,,,
hpdcacoa,,,,,,,,,,,,,
hpdcacrn,,,,,,,,,,,,,
hpdece,,,,,,,,,,,,,
hpdececoa,,,,,,,,,,,,,
hpyr,,,,,,,,,,,,,
hretn,,,,,,,,,,,,,
hs,,,,,,,,,,,,,
hs_deg1,,,,,,,,,,,,,
hs_deg10,,,,,,,,,,,,,
hs_deg11,,,,,,,,,,,,,
hs_deg12,,,,,,,,,,,,,
hs_deg13,,,,,,,,,,,,,
hs_deg14,,,,,,,,,,,,,
hs_deg15,,,,,,,,,,,,,
hs_deg16,,,,,,,,,,,,,
hs_deg17,,,,,,,,,,,,,
hs_deg18,,,,,,,,,,,,,
hs_deg19,,,,,,,,,,,,,
hs_deg2,,,,,,,,,,,,,
hs_deg20,,,,,,,,,,,,,
hs_deg21,,,,,,,,,,,,,
hs_deg22,,,,,,,,,,,,,
hs_deg23,,,,,,,,,,,,,
hs_deg24,,,,,,,,,,,,,
hs_deg25,,,,,,,,,,,,,
hs_deg3,,,,,,,,,,,,,
hs_deg4,,,,,,,,,,,,,
hs_deg5,,,,,,,,,,,,,
hs_deg6,,,,,,,,,,,,,
hs_deg7,,,,,,,,,,,,,
hs_deg8,,,,,,,,,,,,,
hs_deg9,,,,,,,,,,,,,
hs_pre1,,,,,,,,,,,,,
hs_pre10,,,,,,,,,,,,,
hs_pre11,,,,,,,,,,,,,
hs_pre12,,,,,,,,,,,,,
hs_pre13,,,,,,,,,,,,,
hs_pre14,,,,,,,,,,,,,
hs_pre15,,,,,,,,,,,,,
hs_pre2,,,,,,,,,,,,,
hs_pre3,,,,,,,,,,,,,
hs_pre4,,,,,,,,,,,,,
hs_pre5,,,,,,,,,,,,,
hs_pre6,,,,,,,,,,,,,
hs_pre7,,,,,,,,,,,,,
hs_pre8,,,,,,,,,,,,,
hs_pre9,,,,,,,,,,,,,
hspg,,,,,,,,,,,,,
htaxol,,,,,,,,,,,,,
hx2coa,,,,,,,,,,,,,
hxa,,,,,,,,,,,,,
hxan,,,,,,,,,,,,,
hxcoa,,,,,,,,,,,,,
hxdcal,,,,,,,,,,,,,
hyochol,,,,,,,,,,,,,
hyptaur,,,,,,,,,,,,,
i,,,,,,,,,,,,,
ibcoa,,,,,,,,,,,,,
ibup_R,,,,,,,,,,,,,
ibup_S,,,,,,,,,,,,,
ibupcoa_R,,,,,,,,,,,,,
ibupcoa_S,,,,,,,,,,,,,
ibupgluc,,,,,,,,,,,,,
icdchol,,,,,,,,,,,,,
icit,,,,,,,,,,,,,
id3acald,,,,,,,,,,,,,
idl_hs,,,,,,,,,,,,,
idour,,,,,,,,,,,,,
idp,,,,,,,,,,,,,
ile_L,,,,,,,,,,,,,
ileargile,,,,,,,,,,,,,
ileasnhis,,,,,,,,,,,,,
ileasp,,,,,,,,,,,,,
ileglnglu,,,,,,,,,,,,,
ileglyarg,,,,,,,,,,,,,
ileprolys,,,,,,,,,,,,,
ileserarg,,,,,,,,,,,,,
iletrptyr,,,,,,,,,,,,,
im4ac,,,,,,,,,,,,,
im4act,,,,,,,,,,,,,
imp,,,,,,,,,,,,,
ind3ac,,,,,,,,,,,,,
ind56qn,,,,,,,,,,,,,
indole,,,,,,,,,,,,,
indoxyl,,,,,,,,,,,,,
inds,,,,,,,,,,,,,
inost,,,,,,,,,,,,,
ins,,,,,,,,,,,,,
iodine,,,,,,,,,,,,,
ipdp,,,,,,,,,,,,,
isochol,,,,,,,,,,,,,
isolvstacid,,,,,,,,,,,,,
isomal,,,,,,,,,,,,,
itaccoa,,,,,,,,,,,,,
itacon,,,,,,,,,,,,,
itp,,,,,,,,,,,,,
ivcoa,,,,,,,,,,,,,
ivcrn,,,,,,,,,,,,,
k,,,,,,,,,,,,,
kdn,,,,,,,,,,,,,
kdnp,,,,,,,,,,,,,
ksi,,,,,,,,,,,,,
ksi_deg1,,,,,,,,,,,,,
ksi_deg10,,,,,,,,,,,,,
ksi_deg11,,,,,,,,,,,,,
ksi_deg12,,,,,,,,,,,,,
ksi_deg13,,,,,,,,,,,,,
ksi_deg14,,,,,,,,,,,,,
ksi_deg15,,,,,,,,,,,,,
ksi_deg16,,,,,,,,,,,,,
ksi_deg17,,,,,,,,,,,,,
ksi_deg18,,,,,,,,,,,,,
ksi_deg19,,,,,,,,,,,,,
ksi_deg2,,,,,,,,,,,,,
ksi_deg20,,,,,,,,,,,,,
ksi_deg21,,,,,,,,,,,,,
ksi_deg22,,,,,,,,,,,,,
ksi_deg23,,,,,,,,,,,,,
ksi_deg24,,,,,,,,,,,,,
ksi_deg25,,,,,,,,,,,,,
ksi_deg26,,,,,,,,,,,,,
ksi_deg27,,,,,,,,,,,,,
ksi_deg28,,,,,,,,,,,,,
ksi_deg29,,,,,,,,,,,,,
ksi_deg3,,,,,,,,,,,,,
ksi_deg30,,,,,,,,,,,,,
ksi_deg31,,,,,,,,,,,,,
ksi_deg32,,,,,,,,,,,,,
ksi_deg33,,,,,,,,,,,,,
ksi_deg34,,,,,,,,,,,,,
ksi_deg35,,,,,,,,,,,,,
ksi_deg36,,,,,,,,,,,,,
ksi_deg37,,,,,,,,,,,,,
ksi_deg38,,,,,,,,,,,,,
ksi_deg39,,,,,,,,,,,,,
ksi_deg4,,,,,,,,,,,,,
ksi_deg40,,,,,,,,,,,,,
ksi_deg41,,,,,,,,,,,,,
ksi_deg5,,,,,,,,,,,,,
ksi_deg6,,,,,,,,,,,,,
ksi_deg7,,,,,,,,,,,,,
ksi_deg8,,,,,,,,,,,,,
ksi_deg9,,,,,,,,,,,,,
ksi_pre1,,,,,,,,,,,,,
ksi_pre10,,,,,,,,,,,,,
ksi_pre11,,,,,,,,,,,,,
ksi_pre12,,,,,,,,,,,,,
ksi_pre13,,,,,,,,,,,,,
ksi_pre14,,,,,,,,,,,,,
ksi_pre15,,,,,,,,,,,,,
ksi_pre16,,,,,,,,,,,,,
ksi_pre17,,,,,,,,,,,,,
ksi_pre18,,,,,,,,,,,,,
ksi_pre19,,,,,,,,,,,,,
ksi_pre2,,,,,,,,,,,,,
ksi_pre20,,,,,,,,,,,,,
ksi_pre21,,,,,,,,,,,,,
ksi_pre22,,,,,,,,,,,,,
ksi_pre23,,,,,,,,,,,,,
ksi_pre24,,,,,,,,,,,,,
ksi_pre25,,,,,,,,,,,,,
ksi_pre26,,,,,,,,,,,,,
ksi_pre27,,,,,,,,,,,,,
ksi_pre28,,,,,,,,,,,,,
ksi_pre29,,,,,,,,,,,,,
ksi_pre3,,,,,,,,,,,,,
ksi_pre30,,,,,,,,,,,,,
ksi_pre31,,,,,,,,,,,,,
ksi_pre32,,,,,,,,,,,,,
ksi_pre33,,,,,,,,,,,,,
ksi_pre34,,,,,,,,,,,,,
ksi_pre35,,,,,,,,,,,,,
ksi_pre36,,,,,,,,,,,,,
ksi_pre4,,,,,,,,,,,,,
ksi_pre5,,,,,,,,,,,,,
ksi_pre6,,,,,,,,,,,,,
ksi_pre7,,,,,,,,,,,,,
ksi_pre8,,,,,,,,,,,,,
ksi_pre9,,,,,,,,,,,,,
ksii_core2,,,,,,,,,,,,,
ksii_core2_deg1,,,,,,,,,,,,,
ksii_core2_deg2,,,,,,,,,,,,,
ksii_core2_deg3,,,,,,,,,,,,,
ksii_core2_deg4,,,,,,,,,,,,,
ksii_core2_deg5,,,,,,,,,,,,,
ksii_core2_deg6,,,,,,,,,,,,,
ksii_core2_deg7,,,,,,,,,,,,,
ksii_core2_deg8,,,,,,,,,,,,,
ksii_core2_deg9,,,,,,,,,,,,,
ksii_core2_pre1,,,,,,,,,,,,,
ksii_core2_pre10,,,,,,,,,,,,,
ksii_core2_pre2,,,,,,,,,,,,,
ksii_core2_pre3,,,,,,,,,,,,,
ksii_core2_pre4,,,,,,,,,,,,,
ksii_core2_pre5,,,,,,,,,,,,,
ksii_core2_pre6,,,,,,,,,,,,,
ksii_core2_pre7,,,,,,,,,,,,,
ksii_core2_pre8,,,,,,,,,,,,,
ksii_core2_pre9,,,,,,,,,,,,,
ksii_core4,,,,,,,,,,,,,
ksii_core4_deg1,,,,,,,,,,,,,
ksii_core4_deg2,,,,,,,,,,,,,
ksii_core4_deg3,,,,,,,,,,,,,
ksii_core4_deg4,,,,,,,,,,,,,
ksii_core4_pre1,,,,,,,,,,,,,
ksii_core4_pre10,,,,,,,,,,,,,
ksii_core4_pre2,,,,,,,,,,,,,
ksii_core4_pre3,,,,,,,,,,,,,
ksii_core4_pre4,,,,,,,,,,,,,
ksii_core4_pre5,,,,,,,,,,,,,
ksii_core4_pre6,,,,,,,,,,,,,
ksii_core4_pre7,,,,,,,,,,,,,
ksii_core4_pre8,,,,,,,,,,,,,
ksii_core4_pre9,,,,,,,,,,,,,
kynate,,,,,,,,,,,,,
L_dpchrm,,,,,,,,,,,,,
L2aadp,,,,,,,,,,,,,
L2aadp6sa,,,,,,,,,,,,,
l2fn2m2masn,,,,,,,,,,,C68H113N4O49X,0,
l2n2m2mn,,,,,,,,,,,,,
l2xser,,,,,,,,,,,,,
lac_D,,,,,,,,,,,,,
lac_L,,,,,,,,,,,,,
lald_D,,,,,,,,,,,,,
lald_L,,,,,,,,,,,,,
lanost,,,,,,,,,,,,,
lca24g,,,,,,,,,,,,,
lca3g,,,,,,,,,,,,,
lca3s,,,,,,,,,,,,,
lcts,,,,,,,,,,,,,
Lcyst,,,,,,,,,,,,,
Lcystin,,,,,,,,,,,,,
ldl_hs,,,,,,,,,,,,,
leu_L,,,,,,,,,,,,,
leualaarg,,,,,,,,,,,,,
leuasnasp,,,,,,,,,,,,,
leuasplys,,,,,,,,,,,,,
leugly,,,,,,,,,,,,,
leuktrA4,,,,,,,,,,,,,
leuktrB4,,,,,,,,,,,,,
leuktrB4wcooh,,,,,,,,,,,,,
leuktrB4woh,,,,,,,,,,,,,
leuktrC4,,,,,,,,,,,,,
leuktrD4,,,,,,,,,,,,,
leuktrE4,,,,,,,,,,,,,
leuktrF4,,,,,,,,,,,,,
leuleu,,,,,,,,,,,,,
leuleutrp,,,,,,,,,,,,,
leupro,,,,,,,,,,,,,
leuproarg,,,,,,,,,,,,,
leusertrp,,,,,,,,,,,,,
leutrp,,,,,,,,,,,,,
leutrparg,,,,,,,,,,,,,
leutyrtyr,,,,,,,,,,,,,
leuval,,,,,,,,,,,,,
Lfmkynr,,,,,,,,,,,,,
lgnc,,,,,,,,,,,,,
lgnccrn,,,,,,,,,,,,,
lgt_S,,,,,,,,,,,,,
Lhcystin,,,,,,,,,,,,,
limnen,,,,,,,,,,,,,
lineth,,,,,,,,,,,,,
lipoate,,,,,,,,,,,,,
Lkynr,,,,,,,,,,,,,
lneldc,,,,,,,,,,,,,
lneldcACP,,,,,,,,,,,,,
lneldccoa,,,,,,,,,,,,,
lneldccrn,,,,,,,,,,,,,
lnlc,,,,,,,,,,,,,
lnlcACP,,,,,,,,,,,,,
lnlccoa,,,,,,,,,,,,,
lnlccrn,,,,,,,,,,,,,
lnlnca,,,,,,,,,,,,,
lnlncacoa,,,,,,,,,,,,,
lnlncacrn,,,,,,,,,,,,,
lnlncg,,,,,,,,,,,,,
lnlncgcoa,,,,,,,,,,,,,
lnlncgcrn,,,,,,,,,,,,,
lpam,,,,,,,,,,,,,
lpchol_hs,,,,,,,,,,,,,
Lpipecol,,,,,,,,,,,,,
lpro,,,,,,,,,,,,,
lst4exp,,,,,,,,,,,,,
lstn,,,,,,,,,,,,,
lstn1gluc,,,,,,,,,,,,,
lstnm1,,,,,,,,,,,,,
lstnm2,,,,,,,,,,,,,
lstnm4,,,,,,,,,,,,,
lstnm5,,,,,,,,,,,,,
lstnm7,,,,,,,,,,,,,
lthstrl,,,,,,,,,,,,,
lum3,,,,,,,,,,,,,
lvst,,,,,,,,,,,,,
lvstacid,,,,,,,,,,,,,
lxser,,,,,,,,,,,,,
lys_L,,,,,,,,,,,,,
lysargleu,,,,,,,,,,,,,
lyscyshis,,,,,,,,,,,,,
lysglnphe,,,,,,,,,,,,,
lysgluglu,,,,,,,,,,,,,
lyslyslys,,,,,,,,,,,,,
lyspheile,,,,,,,,,,,,,
lystrparg,,,,,,,,,,,,,
lystyrile,,,,,,,,,,,,,
lysvalphe,,,,,,,,,,,,,
lysvaltrp,,,,,,,,,,,,,
lyxnt,,,,,,,,,,,,,
m_em_3gacpail,,,,,,,,,,,,,
m_em_3gacpail_hs,,,,,,,,,,,,,
m_em_3gacpail_prot_hs,,,,,,,,,,,,,
M00003,,,,,,,,,,,,,
M00004,,,,,,,,,,,,,
M00005,,,,,,,,,,,,,
M00006,,,,,,,,,,,,,
M00008,,,,,,,,,,,,,
M00010,,,,,,,,,,,,,
M00011,,,,,,,,,,,,,
M00012,,,,,,,,,,,,,
M00017,,,,,,,,,,,,,
M00018,,,,,,,,,,,,,
M00019,,,,,,,,,,,,,
M00020,,,,,,,,,,,,,
M00021,,,,,,,,,,,,,
M00022,,,,,,,,,,,,,
M00023,,,,,,,,,,,,,
M00030,,,,,,,,,,,3-diol,C20H18O3,0
M00031,,,,,,,,,,,,,
M00033,,,,,,,,,,,,,
M00034,,,,,,,,,,,,,
M00044,,,,,,,,,,,,,
M00045,,,,,,,,,,,,,
M00046,,,,,,,,,,,,,
M00047,,,,,,,,,,,,,
M00048,,,,,,,,,,,,,
M00049,,,,,,,,,,,,,
M00054,,,,,,,,,,,,,
M00055,,,,,,,,,,,,,
M00056,,,,,,,,,,,,,
M00060,,,,,,,,,,,,,
M00061,,,,,,,,,,,,,
M00062,,,,,,,,,,,,,
M00063,,,,,,,,,,,,,
M00067,,,,,,,,,,,,,
M00068,,,,,,,,,,,,,
M00069,,,,,,,,,,,,,
M00070,,,,,,,,,,,,,
M00071,,,,,,,,,,,,,
M00085,,,,,,,,,,,,,
M00086,,,,,,,,,,,,,
M00096,,,,,,,,,,,,,
M00100,,,,,,,,,,,,,
M00101,,,,,,,,,,,,,
M00112,,,,,,,,,,,,,
M00115,,,,,,,,,,,,,
M00116,,,,,,,,,,,,,
M00117,,,,,,,,,,,,,
M00122,,,,,,,,,,,,,
M00123,,,,,,,,,,,,,
M00127,,,,,,,,,,,,,
M00129,,,,,,,,,,,,,
M00136,,,,,,,,,,,,,
M00137,,,,,,,,,,,,,
M00155,,,,,,,,,,,,,
M00170,,,,,,,,,,,,,
M00172,,,,,,,,,,,,,
M00187,,,,,,,,,,,,,
M00188,,,,,,,,,,,,,
M00189,,,,,,,,,,,,,
M00190,,,,,,,,,,,,,
M00191,,,,,,,,,,,,,
M00192,,,,,,,,,,,,,
M00193,,,,,,,,,,,,,
M00194,,,,,,,,,,,,,
M00195,,,,,,,,,,,,,
M00196,,,,,,,,,,,,,
M00197,,,,,,,,,,,,,
M00199,,,,,,,,,,,,,
M00200,,,,,,,,,,,,,
M00201,,,,,,,,,,,,,
M00202,,,,,,,,,,,,,
M00203,,,,,,,,,,,,,
M00206,,,,,,,,,,,,,
M00207,,,,,,,,,,,,,
M00208,,,,,,,,,,,,,
M00209,,,,,,,,,,,,,
M00210,,,,,,,,,,,,,
M00213,,,,,,,,,,,,,
M00214,,,,,,,,,,,,,
M00215,,,,,,,,,,,,,
M00216,,,,,,,,,,,,,
M00217,,,,,,,,,,,,,
M00218,,,,,,,,,,,,,
M00219,,,,,,,,,,,,,
M00220,,,,,,,,,,,,,
M00222,,,,,,,,,,,,,
M00223,,,,,,,,,,,,,
M00224,,,,,,,,,,,,,
M00225,,,,,,,,,,,,,
M00226,,,,,,,,,,,,,
M00227,,,,,,,,,,,,,
M00228,,,,,,,,,,,,,
M00229,,,,,,,,,,,,,
M00232,,,,,,,,,,,,,
M00234,,,,,,,,,,,,,
M00241,,,,,,,,,,,,,
M00242,,,,,,,,,,,,,
M00243,,,,,,,,,,,,,
M00244,,,,,,,,,,,,,
M00245,,,,,,,,,,,,,
M00246,,,,,,,,,,,,,
M00250,,,,,,,,,,,,,
M00251,,,,,,,,,,,,,
M00260,,,,,,,,,,,,,
M00261,,,,,,,,,,,,,
M00263,,,,,,,,,,,,,
M00265,,,,,,,,,,,,,
M00276,,,,,,,,,,,,,
M00277,,,,,,,,,,,,,
M00280,,,,,,,,,,,,,
M00283,,,,,,,,,,,,,
M00285,,,,,,,,,,,,,
M00292,,,,,,,,,,,,,
M00296,,,,,,,,,,,,,
M00297,,,,,,,,,,,,,
M00304,,,,,,,,,,,,,
M00310,,,,,,,,,,,,,
M00315,,,,,,,,,,,,,
M00316,,,,,,,,,,,,,
M00320,,,,,,,,,,,,,
M00321,,,,,,,,,,,,,
M00334,,,,,,,,,,,,,
M00336,,,,,,,,,,,,,
M00338,,,,,,,,,,,,,
M00341,,,,,,,,,,,,,
M00342,,,,,,,,,,,,,
M00343,,,,,,,,,,,,,
M00364,,,,,,,,,,,,,
M00377,,,,,,,,,,,,,
M00381,,,,,,,,,,,,,
M00382,,,,,,,,,,,,,
M00383,,,,,,,,,,,,,
M00390,,,,,,,,,,,,,
M00392,,,,,,,,,,,,,
M00393,,,,,,,,,,,,,
M00396,,,,,,,,,,,,,
M00405,,,,,,,,,,,,,
M00406,,,,,,,,,,,,,
M00414,,,,,,,,,,,,,
M00424,,,,,,,,,,,,,
M00426,,,,,,,,,,,,,
M00429,,,,,,,,,,,,,
M00430,,,,,,,,,,,,,
M00431,,,,,,,,,,,,,
M00433,,,,,,,,,,,,,
M00434,,,,,,,,,,,,,
M00435,,,,,,,,,,,,,
M00436,,,,,,,,,,,,,
M00437,,,,,,,,,,,,,
M00438,,,,,,,,,,,,,
M00439,,,,,,,,,,,,,
M00440,,,,,,,,,,,,,
M00441,,,,,,,,,,,,,
M00442,,,,,,,,,,,,,
M00443,,,,,,,,,,,,,
M00444,,,,,,,,,,,,,
M00445,,,,,,,,,,,,,
M00446,,,,,,,,,,,,,
M00447,,,,,,,,,,,,,
M00448,,,,,,,,,,,,,
M00449,,,,,,,,,,,,,
M00450,,,,,,,,,,,,,
M00451,,,,,,,,,,,,,
M00452,,,,,,,,,,,,,
M00453,,,,,,,,,,,,,
M00454,,,,,,,,,,,,,
M00455,,,,,,,,,,,,,
M00456,,,,,,,,,,,,,
M00457,,,,,,,,,,,,,
M00458,,,,,,,,,,,,,
M00459,,,,,,,,,,,,,
M00460,,,,,,,,,,,,,
M00461,,,,,,,,,,,,,
M00462,,,,,,,,,,,,,
M00463,,,,,,,,,,,,,
M00464,,,,,,,,,,,,,
M00465,,,,,,,,,,,,,
M00466,,,,,,,,,,,,,
M00467,,,,,,,,,,,,,
M00468,,,,,,,,,,,,,
M00469,,,,,,,,,,,,,
M00470,,,,,,,,,,,,,
M00471,,,,,,,,,,,,,
M00474,,,,,,,,,,,,,
M00476,,,,,,,,,,,,,
M00477,,,,,,,,,,,,,
M00478,,,,,,,,,,,,,
M00479,,,,,,,,,,,,,
M00480,,,,,,,,,,,,,
M00481,,,,,,,,,,,,,
M00482,,,,,,,,,,,,,
M00483,,,,,,,,,,,,,
M00484,,,,,,,,,,,,,
M00492,,,,,,,,,,,,,
M00493,,,,,,,,,,,,,
M00494,,,,,,,,,,,,,
M00498,,,,,,,,,,,,,
M00500,,,,,,,,,,,,,
M00501,,,,,,,,,,,,,
M00502,,,,,,,,,,,,,
M00503,,,,,,,,,,,,,
M00510,,,,,,,,,,,,,
M00511,,,,,,,,,,,,,
M00512,,,,,,,,,,,,,
M00532,,,,,,,,,,,,,
M00535,,,,,,,,,,,,,
M00538,,,,,,,,,,,,,
M00539,,,,,,,,,,,,,
M00540,,,,,,,,,,,,,
M00541,,,,,,,,,,,,,
M00542,,,,,,,,,,,,,
M00543,,,,,,,,,,,,,
M00544,,,,,,,,,,,,,
M00545,,,,,,,,,,,,,
M00546,,,,,,,,,,,,,
M00547,,,,,,,,,,,,,
M00548,,,,,,,,,,,,,
M00550,,,,,,,,,,,,,
M00561,,,,,,,,,,,,,
M00565,,,,,,,,,,,,,
M00566,,,,,,,,,,,,,
M00567,,,,,,,,,,,,,
M00568,,,,,,,,,,,,,
M00571,,,,,,,,,,,,,
M00579,,,,,,,,,,,,,
M00603,,,,,,,,,,,,,
M00605,,,,,,,,,,,,,
M00606,,,,,,,,,,,,,
M00615,,,,,,,,,,,,,
M00617,,,,,,,,,,,,,
M00625,,,,,,,,,,,,,
M00627,,,,,,,,,,,,,
M00636,,,,,,,,,,,,,
M00637,,,,,,,,,,,,,
M00643,,,,,,,,,,,,,
M00646,,,,,,,,,,,,,
M00647,,,,,,,,,,,,,
M00653,,,,,,,,,,,,,
M00658,,,,,,,,,,,,,
M00668,,,,,,,,,,,,,
M00673,,,,,,,,,,,,,
M00676,,,,,,,,,,,,,
M00677,,,,,,,,,,,,,
M00683,,,,,,,,,,,,,
M00684,,,,,,,,,,,,,
M00699,,,,,,,,,,,,,
M00702,,,,,,,,,,,,,
M00704,,,,,,,,,,,,,
M00707,,,,,,,,,,,,,
M00712,,,,,,,,,,,,,
M00715,,,,,,,,,,,,,
M00724,,,,,,,,,,,,,
M00742,,,,,,,,,,,,,
M00743,,,,,,,,,,,,,
M00746,,,,,,,,,,,,,
M00753,,,,,,,,,,,,,
M00754,,,,,,,,,,,,,
M00759,,,,,,,,,,,,,
M00770,,,,,,,,,,,,,
M00774,,,,,,,,,,,,,
M00778,,,,,,,,,,,,,
M00779,,,,,,,,,,,,,
M00780,,,,,,,,,,,,,
M00781,,,,,,,,,,,,,
M00782,,,,,,,,,,,,,
M00783,,,,,,,,,,,,,
M00790,,,,,,,,,,,,,
M00791,,,,,,,,,,,,,
M00792,,,,,,,,,,,,,
M00794,,,,,,,,,,,,,
M00795,,,,,,,,,,,,,
M00796,,,,,,,,,,,,,
M00797,,,,,,,,,,,,,
M00802,,,,,,,,,,,,,
M00803,,,,,,,,,,,,,
M00804,,,,,,,,,,,,,
M00805,,,,,,,,,,,,,
M00806,,,,,,,,,,,,,
M00808,,,,,,,,,,,,,
M00819,,,,,,,,,,,,,
M00822,,,,,,,,,,,,,
M00823,,,,,,,,,,,,,
M00839,,,,,,,,,,,,,
M00841,,,,,,,,,,,,,
M00843,,,,,,,,,,,,,
M00849,,,,,,,,,,,,,
M00852,,,,,,,,,,,,,
M00860,,,,,,,,,,,,,
M00862,,,,,,,,,,,,,
M00869,,,,,,,,,,,,,
M00871,,,,,,,,,,,,,
M00873,,,,,,,,,,,,,
M00874,,,,,,,,,,,,,
M00875,,,,,,,,,,,,,
M00876,,,,,,,,,,,,,
M00877,,,,,,,,,,,,,
M00879,,,,,,,,,,,,,
M00885,,,,,,,,,,,,,
M00887,,,,,,,,,,,,,
M00888,,,,,,,,,,,,,
M00889,,,,,,,,,,,,,
M00896,,,,,,,,,,,,,
M00897,,,,,,,,,,,,,
M00898,,,,,,,,,,,,,
M00899,,,,,,,,,,,,,
M00907,,,,,,,,,,,,,
M00908,,,,,,,,,,,,,
M00909,,,,,,,,,,,,,
M00910,,,,,,,,,,,,,
M00911,,,,,,,,,,,,,
M00915,,,,,,,,,,,,,
M00917,,,,,,,,,,,,,
M00927,,,,,,,,,,,,,
M00928,,,,,,,,,,,,,
M00929,,,,,,,,,,,,,
M00930,,,,,,,,,,,,,
M00931,,,,,,,,,,,,,
M00932,,,,,,,,,,,,,
M00937,,,,,,,,,,,,,
M00938,,,,,,,,,,,,,
M00939,,,,,,,,,,,,,
M00940,,,,,,,,,,,,,
M00942,,,,,,,,,,,,,
M00944,,,,,,,,,,,,,
M00951,,,,,,,,,,,,,
M00954,,,,,,,,,,,,,
M00955,,,,,,,,,,,,,
M00956,,,,,,,,,,,,,
M00957,,,,,,,,,,,,,
M00958,,,,,,,,,,,,,
M00959,,,,,,,,,,,,,
M00960,,,,,,,,,,,,,
M00961,,,,,,,,,,,,,
M00962,,,,,,,,,,,,,
M00963,,,,,,,,,,,,,
M00964,,,,,,,,,,,,,
M00966,,,,,,,,,,,,,
M00967,,,,,,,,,,,,,
M00972,,,,,,,,,,,,,
M00973,,,,,,,,,,,,,
M00974,,,,,,,,,,,,,
M00975,,,,,,,,,,,,,
M00976,,,,,,,,,,,,,
M00977,,,,,,,,,,,,,
M00978,,,,,,,,,,,,,
M00979,,,,,,,,,,,,,
M00985,,,,,,,,,,,,,
M00992,,,,,,,,,,,,,
M01014,,,,,,,,,,,,,
M01018,,,,,,,,,,,,,
M01025,,,,,,,,,,,,,
M01032,,,,,,,,,,,,,
M01035,,,,,,,,,,,,,
M01036,,,,,,,,,,,,,
M01051,,,,,,,,,,,,,
M01067,,,,,,,,,,,,,
M01068,,,,,,,,,,,,,
M01075,,,,,,,,,,,,,
M01076,,,,,,,,,,,,,
M01077,,,,,,,,,,,,,
M01079,,,,,,,,,,,,,
M01080,,,,,,,,,,,,,
M01081,,,,,,,,,,,,,
M01082,,,,,,,,,,,,,
M01083,,,,,,,,,,,,,
M01084,,,,,,,,,,,,,
M01092,,,,,,,,,,,,,
M01094,,,,,,,,,,,,,
M01111,,,,,,,,,,,,,
M01114,,,,,,,,,,,,,
M01128,,,,,,,,,,,,,
M01129,,,,,,,,,,,,,
M01141,,,,,,,,,,,,,
M01142,,,,,,,,,,,,,
M01156,,,,,,,,,,,,,
M01165,,,,,,,,,,,,,
M01166,,,,,,,,,,,,,
M01167,,,,,,,,,,,,,
M01173,,,,,,,,,,,,,
M01175,,,,,,,,,,,,,
M01179,,,,,,,,,,,,,
M01184,,,,,,,,,,,,,
M01191,,,,,,,,,,,,,
M01195,,,,,,,,,,,,,
M01196,,,,,,,,,,,,,
M01197,,,,,,,,,,,,,
M01202,,,,,,,,,,,,,
M01203,,,,,,,,,,,,,
M01207,,,,,,,,,,,,,
M01208,,,,,,,,,,,,,
M01213,,,,,,,,,,,,,
M01217,,,,,,,,,,,,,
M01235,,,,,,,,,,,,,
M01236,,,,,,,,,,,,,
M01237,,,,,,,,,,,,,
M01238,,,,,,,,,,,,,
M01239,,,,,,,,,,,,,
M01241,,,,,,,,,,,,,
M01242,,,,,,,,,,,,,
M01251,,,,,,,,,,,,,
M01268,,,,,,,,,,,,,
M01281,,,,,,,,,,,,,
M01294,,,,,,,,,,,,,
M01295,,,,,,,,,,,,,
M01297,,,,,,,,,,,,,
M01299,,,,,,,,,,,,,
M01300,,,,,,,,,,,,,
M01301,,,,,,,,,,,,,
M01302,,,,,,,,,,,,,
M01310,,,,,,,,,,,,,
M01317,,,,,,,,,,,,,
M01318,,,,,,,,,,,,,
M01319,,,,,,,,,,,,,
M01320,,,,,,,,,,,,,
M01341,,,,,,,,,,,,,
M01352,,,,,,,,,,,,,
M01358,,,,,,,,,,,,,
M01360,,,,,,,,,,,,,
M01367,,,,,,,,,,,,,
M01376,,,,,,,,,,,,,
M01377,,,,,,,,,,,,,
M01378,,,,,,,,,,,,,
M01388,,,,,,,,,,,,,
M01389,,,,,,,,,,,,,
M01403,,,,,,,,,,,,,
M01404,,,,,,,,,,,,,
M01405,,,,,,,,,,,,,
M01406,,,,,,,,,,,,,
M01407,,,,,,,,,,,,,
M01408,,,,,,,,,,,,,
M01429,,,,,,,,,,,,,
M01436,,,,,,,,,,,,,
M01437,,,,,,,,,,,,,
M01440,,,,,,,,,,,,,
M01441,,,,,,,,,,,,,
M01443,,,,,,,,,,,,,
M01444,,,,,,,,,,,,,
M01452,,,,,,,,,,,,,
M01453,,,,,,,,,,,,,
M01454,,,,,,,,,,,,,
M01455,,,,,,,,,,,,,
M01456,,,,,,,,,,,,,
M01457,,,,,,,,,,,,,
M01458,,,,,,,,,,,,,
M01459,,,,,,,,,,,,,
M01460,,,,,,,,,,,,,
M01461,,,,,,,,,,,,,
M01462,,,,,,,,,,,,,
M01463,,,,,,,,,,,,,
M01464,,,,,,,,,,,,,
M01465,,,,,,,,,,,,,
M01466,,,,,,,,,,,,,
M01467,,,,,,,,,,,,,
M01468,,,,,,,,,,,,,
M01469,,,,,,,,,,,,,
M01470,,,,,,,,,,,,,
M01471,,,,,,,,,,,,,
M01472,,,,,,,,,,,,,
M01473,,,,,,,,,,,,,
M01474,,,,,,,,,,,,,
M01475,,,,,,,,,,,,,
M01476,,,,,,,,,,,,,
M01477,,,,,,,,,,,,,
M01478,,,,,,,,,,,,,
M01479,,,,,,,,,,,,,
M01480,,,,,,,,,,,,,
M01481,,,,,,,,,,,,,
M01482,,,,,,,,,,,,,
M01483,,,,,,,,,,,,,
M01484,,,,,,,,,,,,,
M01485,,,,,,,,,,,,,
M01486,,,,,,,,,,,,,
M01487,,,,,,,,,,,,,
M01489,,,,,,,,,,,,,
M01490,,,,,,,,,,,,,
M01491,,,,,,,,,,,,,
M01492,,,,,,,,,,,,,
M01494,,,,,,,,,,,,,
M01495,,,,,,,,,,,,,
M01496,,,,,,,,,,,,,
M01497,,,,,,,,,,,,,
M01498,,,,,,,,,,,,,
M01501,,,,,,,,,,,,,
M01502,,,,,,,,,,,,,
M01506,,,,,,,,,,,,,
M01508,,,,,,,,,,,,,
M01509,,,,,,,,,,,,,
M01510,,,,,,,,,,,,,
M01511,,,,,,,,,,,,,
M01569,,,,,,,,,,,,,
M01570,,,,,,,,,,,,,
M01571,,,,,,,,,,,,,
M01572,,,,,,,,,,,,,
M01573,,,,,,,,,,,,,
M01582,,,,,,,,,,,,,
M01602,,,,,,,,,,,,,
M01618,,,,,,,,,,,,,
M01631,,,,,,,,,,,,,
M01676,,,,,,,,,,,,,
M01677,,,,,,,,,,,,,
M01678,,,,,,,,,,,,,
M01691,,,,,,,,,,,,,
M01692,,,,,,,,,,,,,
M01710,,,,,,,,,,,,,
M01719,,,,,,,,,,,,,
M01720,,,,,,,,,,,,,
M01724,,,,,,,,,,,,,
M01726,,,,,,,,,,,,,
M01727,,,,,,,,,,,,,
M01729,,,,,,,,,,,,,
M01750,,,,,,,,,,,,,
M01757,,,,,,,,,,,,,
M01770,,,,,,,,,,,,,
M01775,,,,,,,,,,,,,
M01776,,,,,,,,,,,,,
M01777,,,,,,,,,,,,,
M01805,,,,,,,,,,,,,
M01807,,,,,,,,,,,,,
M01816,,,,,,,,,,,,,
M01819,,,,,,,,,,,,,
M01820,,,,,,,,,,,,,
M01838,,,,,,,,,,,,,
M01849,,,,,,,,,,,,,
M01860,,,,,,,,,,,,,
M01864,,,,,,,,,,,,,
M01865,,,,,,,,,,,,,
M01867,,,,,,,,,,,,,
M01869,,,,,,,,,,,,,
M01870,,,,,,,,,,,,,
M01871,,,,,,,,,,,,,
M01872,,,,,,,,,,,,,
M01881,,,,,,,,,,,,,
M01886,,,,,,,,,,,,,
M01895,,,,,,,,,,,,,
M01896,,,,,,,,,,,,,
M01897,,,,,,,,,,,,,
M01898,,,,,,,,,,,,,
M01929,,,,,,,,,,,,,
M01938,,,,,,,,,,,,,
M01957,,,,,,,,,,,,,
M01958,,,,,,,,,,,,,
M01966,,,,,,,,,,,,,
M01978,,,,,,,,,,,,,
M01989,,,,,,,,,,,,,
M01995,,,,,,,,,,,,,
M02002,,,,,,,,,,,,,
M02003,,,,,,,,,,,,,
M02005,,,,,,,,,,,,,
M02006,,,,,,,,,,,,,
M02012,,,,,,,,,,,,,
M02013,,,,,,,,,,,,,
M02017,,,,,,,,,,,,,
M02035,,,,,,,,,,,,,
M02047,,,,,,,,,,,,,
M02048,,,,,,,,,,,,,
M02050,,,,,,,,,,,,,
M02051,,,,,,,,,,,,,
M02052,,,,,,,,,,,,,
M02053,,,,,,,,,,,,,
M02098,,,,,,,,,,,,,
M02099,,,,,,,,,,,,,
M02102,,,,,,,,,,,,,
M02103,,,,,,,,,,,,,
M02106,,,,,,,,,,,,,
M02107,,,,,,,,,,,,,
M02108,,,,,,,,,,,,,
M02111,,,,,,,,,,,,,
M02112,,,,,,,,,,,,,
M02114,,,,,,,,,,,,,
M02127,,,,,,,,,,,,,
M02128,,,,,,,,,,,,,
M02143,,,,,,,,,,,,,
M02144,,,,,,,,,,,,,
M02146,,,,,,,,,,,,,
M02155,,,,,,,,,,,,,
M02162,,,,,,,,,,,,,
M02163,,,,,,,,,,,,,
M02186,,,,,,,,,,,,,
M02194,,,,,,,,,,,,,
M02195,,,,,,,,,,,,,
M02196,,,,,,,,,,,,,
M02197,,,,,,,,,,,,,
M02335,,,,,,,,,,,,,
M02339,,,,,,,,,,,,,
M02340,,,,,,,,,,,,,
M02341,,,,,,,,,,,,,
M02342,,,,,,,,,,,,,
M02351,,,,,,,,,,,,,
M02352,,,,,,,,,,,,,
M02353,,,,,,,,,,,,,
M02375,,,,,,,,,,,,,
M02376,,,,,,,,,,,,,
M02377,,,,,,,,,,,,,
M02380,,,,,,,,,,,,,
M02382,,,,,,,,,,,,,
M02392,,,,,,,,,,,,,
M02397,,,,,,,,,,,,,
M02401,,,,,,,,,,,,,
M02404,,,,,,,,,,,,,
M02405,,,,,,,,,,,,,
M02408,,,,,,,,,,,,,
M02412,,,,,,,,,,,,,
M02414,,,,,,,,,,,,,
M02415,,,,,,,,,,,,,
M02416,,,,,,,,,,,,,
M02419,,,,,,,,,,,,,
M02420,,,,,,,,,,,,,
M02421,,,,,,,,,,,,,
M02423,,,,,,,,,,,,,
M02427,,,,,,,,,,,,,
M02428,,,,,,,,,,,,,
M02435,,,,,,,,,,,,,
M02436,,,,,,,,,,,,,
M02437,,,,,,,,,,,,,
M02438,,,,,,,,,,,,,
M02446,,,,,,,,,,,,,
M02447,,,,,,,,,,,,,
M02449,,,,,,,,,,,,,
M02451,,,,,,,,,,,,,
M02457,,,,,,,,,,,,,
M02467,,,,,,,,,,,,,
M02469,,,,,,,,,,,,,
M02472,,,,,,,,,,,,,
M02474,,,,,,,,,,,,,
M02488,,,,,,,,,,,,,
M02490,,,,,,,,,,,,,
M02491,,,,,,,,,,,,,
M02493,,,,,,,,,,,,,
M02496,,,,,,,,,,,,,
M02505,,,,,,,,,,,,,
M02506,,,,,,,,,,,,,
M02513,,,,,,,,,,,,,
M02521,,,,,,,,,,,,,
M02541,,,,,,,,,,,,,
M02542,,,,,,,,,,,,,
M02545,,,,,,,,,,,,,
M02557,,,,,,,,,,,,,
M02560,,,,,,,,,,,,,
M02561,,,,,,,,,,,,,
M02576,,,,,,,,,,,,,
M02580,,,,,,,,,,,,,
M02589,,,,,,,,,,,,,
M02592,,,,,,,,,,,,,
M02605,,,,,,,,,,,,,
M02607,,,,,,,,,,,,,
M02608,,,,,,,,,,,,,
M02611,,,,,,,,,,,,,
M02612,,,,,,,,,,,,,
M02613,,,,,,,,,,,,,
M02615,,,,,,,,,,,,,
M02616,,,,,,,,,,,,,
M02625,,,,,,,,,,,,,
M02626,,,,,,,,,,,,,
M02627,,,,,,,,,,,,,
M02637,,,,,,,,,,,,,
M02638,,,,,,,,,,,,,
M02645,,,,,,,,,,,,,
M02656,,,,,,,,,,,,,
M02663,,,,,,,,,,,,,
M02665,,,,,,,,,,,,,
M02669,,,,,,,,,,,,,
M02671,,,,,,,,,,,,,
M02683,,,,,,,,,,,,,
M02686,,,,,,,,,,,,,
M02687,,,,,,,,,,,,,
M02693,,,,,,,,,,,,,
M02694,,,,,,,,,,,,,
M02699,,,,,,,,,,,,,
M02700,,,,,,,,,,,,,
M02701,,,,,,,,,,,,,
M02702,,,,,,,,,,,,,
M02703,,,,,,,,,,,,,
M02704,,,,,,,,,,,,,
M02705,,,,,,,,,,,,,
M02706,,,,,,,,,,,,,
M02707,,,,,,,,,,,,,
M02708,,,,,,,,,,,,,
M02709,,,,,,,,,,,,,
M02710,,,,,,,,,,,,,
M02723,,,,,,,,,,,,,
M02737,,,,,,,,,,,,,
M02740,,,,,,,,,,,,,
M02742,,,,,,,,,,,,,
M02743,,,,,,,,,,,,,
M02745,,,,,,,,,,,,,
M02748,,,,,,,,,,,,,
M02749,,,,,,,,,,,,,
M02755,,,,,,,,,,,,,
M02757,,,,,,,,,,,,,
M02758,,,,,,,,,,,,,
M02760,,,,,,,,,,,,,
M02761,,,,,,,,,,,,,
M02767,,,,,,,,,,,,,
M02773,,,,,,,,,,,,,
M02801,,,,,,,,,,,,,
M02807,,,,,,,,,,,,,
M02820,,,,,,,,,,,,,
M02821,,,,,,,,,,,,,
M02827,,,,,,,,,,,,,
M02828,,,,,,,,,,,,,
M02829,,,,,,,,,,,,,
M02837,,,,,,,,,,,,,
M02838,,,,,,,,,,,,,
M02840,,,,,,,,,,,,,
M02847,,,,,,,,,,,,,
M02848,,,,,,,,,,,,,
M02849,,,,,,,,,,,,,
M02850,,,,,,,,,,,,,
M02853,,,,,,,,,,,,,
M02854,,,,,,,,,,,,,
M02855,,,,,,,,,,,,,
M02861,,,,,,,,,,,,,
M02893,,,,,,,,,,,,,
M02895,,,,,,,,,,,,,
M02898,,,,,,,,,,,,,
M02909,,,,,,,,,,,,,
M02911,,,,,,,,,,,,,
M02913,,,,,,,,,,,,,
M02918,,,,,,,,,,,,,
M02935,,,,,,,,,,,,,
M02954,,,,,,,,,,,,,
M02956,,,,,,,,,,,,,
M02957,,,,,,,,,,,,,
M02958,,,,,,,,,,,,,
M02973,,,,,,,,,,,,,
M02975,,,,,,,,,,,,,
M02976,,,,,,,,,,,,,
M02977,,,,,,,,,,,,,
M02979,,,,,,,,,,,,,
M02988,,,,,,,,,,,,,
M02989,,,,,,,,,,,,,
M03005,,,,,,,,,,,,,
M03006,,,,,,,,,,,,,
M03008,,,,,,,,,,,,,
M03011,,,,,,,,,,,,,
M03014,,,,,,,,,,,,,
M03016,,,,,,,,,,,,,
M03017,,,,,,,,,,,,,
M03018,,,,,,,,,,,,,
M03019,,,,,,,,,,,,,
M03022,,,,,,,,,,,,,
M03024,,,,,,,,,,,,,
M03032,,,,,,,,,,,,,
M03038,,,,,,,,,,,,,
M03041,,,,,,,,,,,,,
M03042,,,,,,,,,,,,,
M03043,,,,,,,,,,,,,
M03044,,,,,,,,,,,,,
M03045,,,,,,,,,,,,,
M03046,,,,,,,,,,,,,
M03047,,,,,,,,,,,,,
M03048,,,,,,,,,,,,,
M03049,,,,,,,,,,,,,
M03050,,,,,,,,,,,,,
M03051,,,,,,,,,,,,,
M03053,,,,,,,,,,,,,
M03054,,,,,,,,,,,,,
M03056,,,,,,,,,,,,,
M03058,,,,,,,,,,,,,
M03059,,,,,,,,,,,,,
M03060,,,,,,,,,,,,,
M03061,,,,,,,,,,,,,
M03062,,,,,,,,,,,,,
M03063,,,,,,,,,,,,,
M03064,,,,,,,,,,,,,
M03065,,,,,,,,,,,,,
M03066,,,,,,,,,,,,,
M03067,,,,,,,,,,,,,
M03068,,,,,,,,,,,,,
M03069,,,,,,,,,,,,,
M03070,,,,,,,,,,,,,
M03071,,,,,,,,,,,,,
M03072,,,,,,,,,,,,,
M03073,,,,,,,,,,,,,
M03074,,,,,,,,,,,,,
M03075,,,,,,,,,,,,,
M03076,,,,,,,,,,,,,
M03077,,,,,,,,,,,,,
M03078,,,,,,,,,,,,,
M03079,,,,,,,,,,,,,
M03080,,,,,,,,,,,,,
M03081,,,,,,,,,,,,,
M03082,,,,,,,,,,,,,
M03083,,,,,,,,,,,,,
M03084,,,,,,,,,,,,,
M03085,,,,,,,,,,,,,
M03086,,,,,,,,,,,,,
M03087,,,,,,,,,,,,,
M03093,,,,,,,,,,,,,
M03094,,,,,,,,,,,,,
M03104,,,,,,,,,,,,,
M03105,,,,,,,,,,,,,
M03115,,,,,,,,,,,,,
M03116,,,,,,,,,,,,,
M03117,,,,,,,,,,,,,
M03122,,,,,,,,,,,,,
M03131,,,,,,,,,,,,,
M03132,,,,,,,,,,,,,
M03134,,,,,,,,,,,,,
M03139,,,,,,,,,,,,,
M03140,,,,,,,,,,,,,
M03143,,,,,,,,,,,,,
M03144,,,,,,,,,,,,,
M03145,,,,,,,,,,,,,
M03146,,,,,,,,,,,,,
M03147,,,,,,,,,,,,,
M03153,,,,,,,,,,,,,
M03159,,,,,,,,,,,,,
M03160,,,,,,,,,,,,,
M03161,,,,,,,,,,,,,
M03162,,,,,,,,,,,,,
M03163,,,,,,,,,,,,,
M03164,,,,,,,,,,,,,
M03165,,,,,,,,,,,,,
M03166,,,,,,,,,,,,,
M03167,,,,,,,,,,,,,
M03168,,,,,,,,,,,,,
M03169,,,,,,,,,,,,,
M03170,,,,,,,,,,,,,
m1mpdol_L,,,,,,,,,,,,,
m1mpdol_U,,,,,,,,,,,,,
m2emgacpail_hs,,,,,,,,,,,,,
m2gacpail_hs,,,,,,,,,,,,,
m2mn,,,,,,,,,,,,,
m2mpdol_L,,,,,,,,,,,,,
m2mpdol_U,,,,,,,,,,,,,
m3emgacpail_hs,,,,,,,,,,,,,
m3gacpail_hs,,,,,,,,,,,,,
m3gacpail_prot_hs,,,,,,,,,,,,,
m3mpdol_L,,,,,,,,,,,,,
m3mpdol_U,,,,,,,,,,,,,
m4masn,,,,,,,,,,,,,
m4mpdol_L,,,,,,,,,,,,,
m4mpdol_U,,,,,,,,,,,,,
m5masnB1,,,,,,,,,,,,,
m5masnB2,,,,,,,,,,,,,
m5masnC,,,,,,,,,,,,,
m5mpdol_L,,,,,,,,,,,,,
m5mpdol_U,,,,,,,,,,,,,
m6masnA,,,,,,,,,,,,,
m6masnB1,,,,,,,,,,,,,
m6masnB2,,,,,,,,,,,,,
m6masnC,,,,,,,,,,,,,
m6mpdol_L,,,,,,,,,,,,,
m6mpdol_U,,,,,,,,,,,,,
m7masnA,,,,,,,,,,,,,
m7masnB,,,,,,,,,,,,,
m7masnC,,,,,,,,,,,,,
m7mpdol_L,,,,,,,,,,,,,
m7mpdol_U,,,,,,,,,,,,,
m8masn,,,,,,,,,,,,,
m8mpdol_L,,,,,,,,,,,,,
m8mpdol_U,,,,,,,,,,,,,
mag_hs,,,,,,,,,,,,,
magarachi_hs,,,,,,,,,,,,,
maglinl_hs,,,,,,,,,,,,,
magole_hs,,,,,,,,,,,,,
magpalm_hs,,,,,,,,,,,,,
magste_hs,,,,,,,,,,,,,
mal_L,,,,,,,,,,,,,
malACP,,,,,,,,,,,,,
malcoa,,,,,,,,,,,,,
malt,,,,,,,,,,,,,
malthp,,,,,,,,,,,,,
malthx,,,,,,,,,,,,,
maltpt,,,,,,,,,,,,,
malttr,,,,,,,,,,,,,
maltttr,,,,,,,,,,,,,
man,,,,,,,,,,,,,
man1p,,,,,,,,,,,,,
man6p,,,,,,,,,,,,,
mdz,,,,,,,,,,,,,
mdzglc,,,,,,,,,,,,,
melanin,,,,,,,,,,,,,
melatn,,,,,,,,,,,,,
mem2emgacpail_hs,,,,,,,,,,,,,
mem2emgacpail_prot_hs,,,,,,,,,,,,,
memgacpail_hs,,,,,,,,,,,,,
meoh,,,,,,,,,,,,,
mepi,,,,,,,,,,,,,
meracmp,,,,,,,,,,,,,
mercplac,,,,,,,,,,,,,
mercplaccys,,,,,,,,,,,,,
mercppyr,,,,,,,,,,,,,
mescoa,,,,,,,,,,,,,
mescon,,,,,,,,,,,,,
met_L,,,,,,,,,,,,,
metargleu,,,,,,,,,,,,,
metasntyr,,,,,,,,,,,,,
metglntyr,,,,,,,,,,,,,
metglyarg,,,,,,,,,,,,,
methf,,,,,,,,,,,,,
methislys,,,,,,,,,,,,,
methsucc,,,,,,,,,,,,,
methsuccoa,,,,,,,,,,,,,
metmetile,,,,,,,,,,,,,
metphearg,,,,,,,,,,,,,
mettrpphe,,,,,,,,,,,,,
mev_R,,,,,,,,,,,,,
mg2,,,,,,,,,,,,,
mgacpail_hs,,,,,,,,,,,,,
mhglz,,,,,,,,,,,,,
mhista,,,,,,,,,,,,,
mi13456p,,,,,,,,,,,,,
mi1345p,,,,,,,,,,,,,
mi1346p,,,,,,,,,,,,,
mi134p,,,,,,,,,,,,,
mi13p,,,,,,,,,,,,,
mi1456p,,,,,,,,,,,,,
mi145p,,,,,,,,,,,,,
mi14p,,,,,,,,,,,,,
mi1p_D,,,,,,,,,,,,,
mi3456p,,,,,,,,,,,,,
mi34p,,,,,,,,,,,,,
mi3p_D,,,,,,,,,,,,,
mi4p_D,,,,,,,,,,,,,
micit,,,,,,,,,,,,,
minohp,,,,,,,,,,,,,
mlthf,,,,,,,,,,,,,
mma,,,,,,,,,,,,,
mmcoa_R,,,,,,,,,,,,,
mmcoa_S,,,,,,,,,,,,,
mn,,,,,,,,,,,,,
mpdol_L,,,,,,,,,,,,,
mpdol_U,,,,,,,,,,,,,
mqn10,,,,,,,,,,,,,
mqn11,,,,,,,,,,,,,
mqn7,,,,,,,,,,,,,
mqn8,,,,,,,,,,,,,
mqn9,,,,,,,,,,,,,
msa,,,,,,,,,,,,,
mthgxl,,,,,,,,,,,,,
mvlac,,,,,,,,,,,,,
myelin_hs,,,,,,,,,,,,,
myrsACP,,,,,,,,,,,,,
N1aspmd,,,,,,,,,,,,,
N1sprm,,,,,,,,,,,,,
n2m2masn,,,,,,,,,,,,,
n2m2mn,,,,,,,,,,,,,
n2m2nm,,,,,,,,,,,,,
n2m2nmasn,,,,,,,,,,,,,
n2m2nmn,,,,,,,,,,,,,
n3m2masn,,,,,,,,,,,,,
n4abutn,,,,,,,,,,,,,
n4m2masn,,,,,,,,,,,,,
n5m2masn,,,,,,,,,,,,,
n8aspmd,,,,,,,,,,,,,
na1,,,,,,,,,,,,,
nac,,,,,,,,,,,,,
Nacasp,,,,,,,,,,,,,
Nacsertn,,,,,,,,,,,,,
nacvanala,,,,,,,,,,,,,
nad,,,,,,,,,,,,,
nadh,,,,,,,,,,,,,
nadp,,,,,,,,,,,,,
nadph,,,,,,,,,,,,,
naglc2p_L,,,,,,,,,,,,,
naglc2p_U,,,,,,,,,,,,,
napqi,,,,,,,,,,,,,
ncam,,,,,,,,,,,,,
ndersv,,,,,,,,,,,,,
Ndmelys,,,,,,,,,,,,,
neuromelanin,,,,,,,,,,,,,
nfd,,,,,,,,,,,,,
nfdac,,,,,,,,,,,,,
nfdlac,,,,,,,,,,,,,
nfdnpy,,,,,,,,,,,,,
nfdoh,,,,,,,,,,,,,
nformanth,,,,,,,,,,,,,
nh4,,,,,,,,,,,,,
nicrns,,,,,,,,,,,,,
nicrnt,,,,,,,,,,,,,
nifedipine,,,,,,,,,,,,,
nm2masn,,,,,,,,,,,,,
nm4masn,,,,,,,,,,,,,
Nmelys,,,,,,,,,,,,,
nmn,,,,,,,,,,,,,
nmptrc,,,,,,,,,,,,,
nmthsrtn,,,,,,,,,,,,,
no,,,,,,,,,,,,,
no2,,,,,,,,,,,,,
noncoa,,,,,,,,,,,,,
normete_L,,,,,,,,,,,,,
npthl,,,,,,,,,,,,,
nrpphr,,,,,,,,,,,,,
nrpphrsf,,,,,,,,,,,,,
nrvnc,,,,,,,,,,,,,
nrvnccoa,,,,,,,,,,,,,
nrvnccrn,,,,,,,,,,,,,
ntm2amep,,,,,,,,,,,,,
Ntmelys,,,,,,,,,,,,,
nwharg,,,,,,,,,,,,,
o2,,,,,,,,,,,,,
o2s,,,,,,,,,,,,,
oaa,,,,,,,,,,,,,
oagd3_hs,,,,,,,,,,,,,
oagt3_hs,,,,,,,,,,,,,
occoa,,,,,,,,,,,,,
ocdca,,,,,,,,,,,,,
ocdcaACP,,,,,,,,,,,,,
ocdcea,,,,,,,,,,,,,
ocdcya,,,,,,,,,,,,,
ocdcyaACP,,,,,,,,,,,,,
ocde9ecoa,,,,,,,,,,,,,
ocdececrn,,,,,,,,,,,,,
octa,,,,,,,,,,,,,
octd11ecoa,,,,,,,,,,,,,
octdececoa,,,,,,,,,,,,,
octdececrn,,,,,,,,,,,,,
octe5coa,,,,,,,,,,,,,
octeACP,,,,,,,,,,,,,
od2coa,,,,,,,,,,,,,
odecoa,,,,,,,,,,,,,
odecrn,,,,,,,,,,,,,
oh1,,,,,,,,,,,,,
oleth,,,,,,,,,,,,,
omeprazole,,,,,,,,,,,,,
omhdecacid,,,,,,,,,,,,,
omhdocosac,,,,,,,,,,,,,
onpthl,,,,,,,,,,,,,
oretn,,,,,,,,,,,,,
orn,,,,,,,,,,,,,
orn_D,,,,,,,,,,,,,
orot,,,,,,,,,,,,,
orot5p,,,,,,,,,,,,,
oxa,,,,,,,,,,,,,
oxy1rb,,,,,,,,,,,,,
oxy7rb,,,,,,,,,,,,,
oxyp,,,,,,,,,,,,,
pa_hs,,,,,,,,,,,,,
pac,,,,,,,,,,,,,
pacald,,,,,,,,,,,,,
paf_hs,,,,,,,,,,,,,
pail_hs,,,,,,,,,,,,,
pail345p_hs,,,,,,,,,,,,,
pail34p_hs,,,,,,,,,,,,,
pail35p_hs,,,,,,,,,,,,,
pail3p_hs,,,,,,,,,,,,,
pail45p_hs,,,,,,,,,,,,,
pail4p_hs,,,,,,,,,,,,,
pail5p_hs,,,,,,,,,,,,,
pailar_hs,,,,,,,,,,,,,
pailpalm_hs,,,,,,,,,,,,,
pailste_hs,,,,,,,,,,,,,
palmACP,,,,,,,,,,,,,
pan4p,,,,,,,,,,,,,
pap,,,,,,,,,,,,,
paps,,,,,,,,,,,,,
pchol_hs,,,,,,,,,,,,,
pchol2linl_hs,,,,,,,,,,,,,
pchol2ole_hs,,,,,,,,,,,,,
pchol2palm_hs,,,,,,,,,,,,,
pchol2ste_hs,,,,,,,,,,,,,
pcholar_hs,,,,,,,,,,,,,
pcholdoc_hs,,,,,,,,,,,,,
pcholeic_hs,,,,,,,,,,,,,
pcholet_hs,,,,,,,,,,,,,
pcholhep_hs,,,,,,,,,,,,,
pchollinl_hs,,,,,,,,,,,,,
pcholmyr_hs,,,,,,,,,,,,,
pcholn15_hs,,,,,,,,,,,,,
pcholn183_hs,,,,,,,,,,,,,
pcholn1836_hs,,,,,,,,,,,,,
pcholn19_hs,,,,,,,,,,,,,
pcholn201_hs,,,,,,,,,,,,,
pcholn203_hs,,,,,,,,,,,,,
pcholn204_hs,,,,,,,,,,,,,
pcholn205_hs,,,,,,,,,,,,,
pcholn224_hs,,,,,,,,,,,,,
pcholn225_hs,,,,,,,,,,,,,
pcholn2254_hs,,,,,,,,,,,,,
pcholn226_hs,,,,,,,,,,,,,
pcholn24_hs,,,,,,,,,,,,,
pcholn261_hs,,,,,,,,,,,,,
pcholn28_hs,,,,,,,,,,,,,
pcholn281_hs,,,,,,,,,,,,,
pcholole_hs,,,,,,,,,,,,,
pcholpalm_hs,,,,,,,,,,,,,
pcholpalme_hs,,,,,,,,,,,,,
pcholste_hs,,,,,,,,,,,,,
pcollg5hlys,,,,,,,,,,,,,
pcollglys,,,,,,,,,,,,,
pcreat,,,,,,,,,,,,,
pcresol,,,,,,,,,,,,,
pcrn,,,,,,,,,,,,,
pcs,,,,,,,,,,,,,
pd3,,,,,,,,,,,,,
pdx5p,,,,,,,,,,,,,
pe_hs,,,,,,,,,,,,,
pe12_hs,,,,,,,,,,,,,
pe13_hs,,,,,,,,,,,,,
pe14_hs,,,,,,,,,,,,,
pe15_hs,,,,,,,,,,,,,
pe161_hs,,,,,,,,,,,,,
pe17_hs,,,,,,,,,,,,,
pe203_hs,,,,,,,,,,,,,
pe224_hs,,,,,,,,,,,,,
pe226_hs,,,,,,,,,,,,,
pe2linl_hs,,,,,,,,,,,,,
peamn,,,,,,,,,,,,,
pear_hs,,,,,,,,,,,,,
pecgon,,,,,,,,,,,,,
pecgoncoa,,,,,,,,,,,,,
pect,,,,,,,,,,,,,
pectindchac,,,,,,,,,,,,,
pectingchol,,,,,,,,,,,,,
pectintchol,,,,,,,,,,,,,
pedh203_hs,,,,,,,,,,,,,
pelinl_hs,,,,,,,,,,,,,
pendecaeth,,,,,,,,,,,,,
pentcoa,,,,,,,,,,,,,
peole_hs,,,,,,,,,,,,,
pep,,,,,,,,,,,,,
pepalm_hs,,,,,,,,,,,,,
peplys,,,,,,,,,,,,,
pepslys,,,,,,,,,,,,,
peracd,,,,,,,,,,,,,
perillyl,,,,,,,,,,,,,
peste_hs,,,,,,,,,,,,,
pglyc_hs,,,,,,,,,,,,,
pgp_hs,,,,,,,,,,,,,
phaccoa,,,,,,,,,,,,,
phacgly,,,,,,,,,,,,,
phcrm_hs,,,,,,,,,,,,,
phe_L,,,,,,,,,,,,,
pheacgln,,,,,,,,,,,,,
pheacgly,,,,,,,,,,,,,
pheasnmet,,,,,,,,,,,,,
pheasp,,,,,,,,,,,,,
pheglnphe,,,,,,,,,,,,,
pheleu,,,,,,,,,,,,,
pheleuasp,,,,,,,,,,,,,
pheleuhis,,,,,,,,,,,,,
phelysala,,,,,,,,,,,,,
phelyspro,,,,,,,,,,,,,
pheme,,,,,,,,,,,,,
phephe,,,,,,,,,,,,,
phepheasn,,,,,,,,,,,,,
phephethr,,,,,,,,,,,,,
pheproarg,,,,,,,,,,,,,
phesertrp,,,,,,,,,,,,,
phethrlys,,,,,,,,,,,,,
phetrpleu,,,,,,,,,,,,,
phetyr,,,,,,,,,,,,,
phetyrgln,,,,,,,,,,,,,
phetyrlys,,,,,,,,,,,,,
phlac,,,,,,,,,,,,,
phom,,,,,,,,,,,,,
phpyr,,,,,,,,,,,,,
phsph1p,,,,,,,,,,,,,
phsphings,,,,,,,,,,,,,
phyQ,,,,,,,,,,,,,
phyt,,,,,,,,,,,,,
phyt2ohcoa,,,,,,,,,,,,,
phytcoa,,,,,,,,,,,,,
pi,,,,,,,,,,,,,
pmeth,,,,,,,,,,,,,
pmtcoa,,,,,,,,,,,,,
pmtcrn,,,,,,,,,,,,,
pnto_R,,,,,,,,,,,,,
ppa,,,,,,,,,,,,,
ppbng,,,,,,,,,,,,,
ppcoa,,,,,,,,,,,,,
ppi,,,,,,,,,,,,,
ppiogly,,,,,,,,,,,,,
ppmi12346p,,,,,,,,,,,,,
ppmi1346p,,,,,,,,,,,,,
ppp9,,,,,,,,,,,,,
pppg9,,,,,,,,,,,,,
pppi,,,,,,,,,,,,,
pram,,,,,,,,,,,,,
pre_prot,,,,,,,,,,,,,
prgnlone,,,,,,,,,,,,,
prgnlones,,,,,,,,,,,,,
prgstrn,,,,,,,,,,,,,
prist,,,,,,,,,,,,,
pristanal,,,,,,,,,,,,,
pristcoa,,,,,,,,,,,,,
pro_D,,,,,,,,,,,,,
pro_L,,,,,,,,,,,,,
proargasp,,,,,,,,,,,,,
proargcys,,,,,,,,,,,,,
proasncys,,,,,,,,,,,,,
procys,,,,,,,,,,,,,
profvs,,,,,,,,,,,,,
profvscoa,,,,,,,,,,,,,
proglnpro,,,,,,,,,,,,,
proglulys,,,,,,,,,,,,,
progly,,,,,,,,,,,,,
prohis,,,,,,,,,,,,,
prohistyr,,,,,,,,,,,,,
proleuarg,,,,,,,,,,,,,
prolyspro,,,,,,,,,,,,,
prophe,,,,,,,,,,,,,
proproarg,,,,,,,,,,,,,
propropro,,,,,,,,,,,,,
prostg1,,,,,,,,,,,,,
prostgd2,,,,,,,,,,,,,
prostge1,,,,,,,,,,,,,
prostge2,,,,,,,,,,,,,
prostgf2,,,,,,,,,,,,,
prostgh2,,,,,,,,,,,,,
prostgi2,,,,,,,,,,,,,
protein,,,,,,,,,,,,,
protrplys,,,,,,,,,,,,,
protrpthr,,,,,,,,,,,,,
provalgln,,,,,,,,,,,,,
prpncoa,,,,,,,,,,,,,
prpp,,,,,,,,,,,,,
ps_hs,,,,,,,,,,,,,
pser_L,,,,,,,,,,,,,
psyl,,,,,,,,,,,,,
psylchol,,,,,,,,,,,,,
psyltchol,,,,,,,,,,,,,
psyltdechol,,,,,,,,,,,,,
ptdca,,,,,,,,,,,,,
ptdcacoa,,,,,,,,,,,,,
ptdcacrn,,,,,,,,,,,,,
ptrc,,,,,,,,,,,,,
ptth,,,,,,,,,,,,,
ptvst,,,,,,,,,,,,,
ptvstgluc,,,,,,,,,,,,,
ptvstlac,,,,,,,,,,,,,
ptvstm13,,,,,,,,,,,,,
ptvstm3,,,,,,,,,,,,,
pvs,,,,,,,,,,,,,
pvsgluc,,,,,,,,,,,,,
pyam5p,,,,,,,,,,,,,
pydam,,,,,,,,,,,,,
pydx,,,,,,,,,,,,,
pydx5p,,,,,,,,,,,,,
pydxn,,,,,,,,,,,,,
pylald,,,,,,,,,,,,,
pyr,,,,,,,,,,,,,
q10,,,,,,,,,,,,,
q10h2,,,,,,,,,,,,,
quln,,,,,,,,,,,,,
R1coa_hs,,,,,,,,,,,,,
r1p,,,,,,,,,,,,,
R2coa_hs,,,,,,,,,,,,,
R3coa_hs,,,,,,,,,,,,,
R4coa_hs,,,,,,,,,,,,,
R5coa_hs,,,,,,,,,,,,,
r5p,,,,,,,,,,,,,
R6coa_hs,,,,,,,,,,,,,
rbl_D,,,,,,,,,,,,,
rbt,,,,,,,,,,,,,
retfa,,,,,,,,,,,,,
retinal,,,,,,,,,,,,,
retinal_11_cis,,,,,,,,,,,,,
retinal_cis_13,,,,,,,,,,,,,
retinal_cis_9,,,,,,,,,,,,,
retinol,,,,,,,,,,,,,
retinol_9_cis,,,,,,,,,,,,,
retinol_cis_11,,,,,,,,,,,,,
retinol_cis_13,,,,,,,,,,,,,
retn,,,,,,,,,,,,,
retncoa,,,,,,,,,,,,,
retnglc,,,,,,,,,,,,,
rib_D,,,,,,,,,,,,,
ribflv,,,,,,,,,,,,,
rnam,,,,,,,,,,,,,
rsv,,,,,,,,,,,,,
rsvgluc,,,,,,,,,,,,,
rsvlac,,,,,,,,,,,,,
Rtotal,,,,,,,,,,,,,
Rtotal2,,,,,,,,,,,,,
Rtotal2coa,,,,,,,,,,,,,
Rtotal2crn,,,,,,,,,,,,,
Rtotal3,,,,,,,,,,,,,
Rtotal3coa,,,,,,,,,,,,,
Rtotal3crn,,,,,,,,,,,,,
Rtotalcoa,,,,,,,,,,,,,
Rtotalcrn,,,,,,,,,,,,,
ru5p_D,,,,,,,,,,,,,
s2l2fn2m2masn,,,,,,,,,,,,,
s2l2n2m2m,,,,,,,,,,,,,
s2l2n2m2masn,,,,,,,,,,,,,
s2l2n2m2mn,,,,,,,,,,,,,
s3meacmp,,,,,,,,,,,,,
s7p,,,,,,,,,,,,,
saccrp_L,,,,,,,,,,,,,
sarcs,,,,,,,,,,,,,
sbcoa,,,,,,,,,,,,,
sbt_D,,,,,,,,,,,,,
seahcys,,,,,,,,,,,,,
seasmet,,,,,,,,,,,,,
sebacid,,,,,,,,,,,,,
sebcoa,,,,,,,,,,,,,
sel,,,,,,,,,,,,,
selcys,,,,,,,,,,,,,
selcyst,,,,,,,,,,,,,
selhcys,,,,,,,,,,,,,
selmeth,,,,,,,,,,,,,
seln,,,,,,,,,,,,,
selni,,,,,,,,,,,,,
selnp,,,,,,,,,,,,,
ser_D,,,,,,,,,,,,,
Ser_Gly_Ala_X_Gly,,,,,,,,,,,,,
ser_L,,,,,,,,,,,,,
Ser_Thr,,,,,,,,,,,,,
serargala,,,,,,,,,,,,,
serargtrp,,,,,,,,,,,,,
sercysarg,,,,,,,,,,,,,
serglyglu,,,,,,,,,,,,,
serlyshis,,,,,,,,,,,,,
serphelys,,,,,,,,,,,,,
sertrphis,,,,,,,,,,,,,
Sfglutth,,,,,,,,,,,,,
sgalside_hs,,,,,,,,,,,,,
simvgluc,,,,,,,,,,,,,
sl_L,,,,,,,,,,,,,
slfcys,,,,,,,,,,,,,
smv,,,,,,,,,,,,,
smvacid,,,,,,,,,,,,,
so3,,,,,,,,,,,,,
so4,,,,,,,,,,,,,
spc_hs,,,,,,,,,,,,,
sph1p,,,,,,,,,,,,,
sphgn,,,,,,,,,,,,,
sphings,,,,,,,,,,,,,
sphmyln_hs,,,,,,,,,,,,,
sphmyln180241_hs,,,,,,,,,,,,,
sphmyln18114_hs,,,,,,,,,,,,,
sphmyln18115_hs,,,,,,,,,,,,,
sphmyln18116_hs,,,,,,,,,,,,,
sphmyln181161_hs,,,,,,,,,,,,,
sphmyln18117_hs,,,,,,,,,,,,,
sphmyln18118_hs,,,,,,,,,,,,,
sphmyln181181_hs,,,,,,,,,,,,,
sphmyln18120_hs,,,,,,,,,,,,,
sphmyln181201_hs,,,,,,,,,,,,,
sphmyln18121_hs,,,,,,,,,,,,,
sphmyln18122_hs,,,,,,,,,,,,,
sphmyln181221_hs,,,,,,,,,,,,,
sphmyln18123_hs,,,,,,,,,,,,,
sphmyln1824_hs,,,,,,,,,,,,,
sphmyln1825_hs,,,,,,,,,,,,,
sphs1p,,,,,,,,,,,,,
spmd,,,,,,,,,,,,,
sprm,,,,,,,,,,,,,
sql,,,,,,,,,,,,,
srb_L,,,,,,,,,,,,,
srtn,,,,,,,,,,,,,
Ssq23epx,,,,,,,,,,,,,
sT_antigen,,,,,,,,,,,,,
stacmp,,,,,,,,,,,,,
stcoa,,,,,,,,,,,,,
stcrn,,,,,,,,,,,,,
steeth,,,,,,,,,,,,,
sTn_antigen,,,,,,,,,,,,,
strch1,,,,,,,,,,,,,
strch2,,,,,,,,,,,,,
strdnc,,,,,,,,,,,,,
strdnccoa,,,,,,,,,,,,,
strdnccrn,,,,,,,,,,,,,
subeac,,,,,,,,,,,,,
subgly,,,,,,,,,,,,,
sucacetat,,,,,,,,,,,,,
sucaceto,,,,,,,,,,,,,
succ,,,,,,,,,,,,,
succoa,,,,,,,,,,,,,
sucr,,,,,,,,,,,,,
sucsal,,,,,,,,,,,,,
sulpacmp,,,,,,,,,,,,,
T_antigen,,,,,,,,,,,,,
t2m26dcoa,,,,,,,,,,,,,
T4hcinnm,,,,,,,,,,,,,
tacr,,,,,,,,,,,,,
tag_hs,,,,,,,,,,,,,
tag1p_D,,,,,,,,,,,,,
tagat_D,,,,,,,,,,,,,
taur,,,,,,,,,,,,,
tauribup_S,,,,,,,,,,,,,
taxol,,,,,,,,,,,,,
tca3s,,,,,,,,,,,,,
tcdca3s,,,,,,,,,,,,,
tchola,,,,,,,,,,,,,
tcynt,,,,,,,,,,,,,
td2glutrcoa,,,,,,,,,,,,,
tdca3s,,,,,,,,,,,,,
tdchola,,,,,,,,,,,,,
tdcoa,,,,,,,,,,,,,
tddedi2coa,,,,,,,,,,,,,
tddedicoa,,,,,,,,,,,,,
tdeACP,,,,,,,,,,,,,
tdec4ecoa,,,,,,,,,,,,,
tdechola,,,,,,,,,,,,,
Temp001,,,,,,,,,,,,,
tetd7ecoa,,,,,,,,,,,,,
tetde5coa,,,,,,,,,,,,,
tetdec2coa,,,,,,,,,,,,,
tetdec2crn,,,,,,,,,,,,,
tetdeca511ac,,,,,,,,,,,,,
tetdecaeth,,,,,,,,,,,,,
tetdecdicoa,,,,,,,,,,,,,
tetdece1coa,,,,,,,,,,,,,
tetdece1crn,,,,,,,,,,,,,
tethex3,,,,,,,,,,,,,
tethex3coa,,,,,,,,,,,,,
tetpent3,,,,,,,,,,,,,
tetpent3coa,,,,,,,,,,,,,
tetpent3crn,,,,,,,,,,,,,
tetpent6,,,,,,,,,,,,,
tetpent6coa,,,,,,,,,,,,,
tetpent6crn,,,,,,,,,,,,,
tettet6,,,,,,,,,,,,,
tettet6coa,,,,,,,,,,,,,
tettet6crn,,,,,,,,,,,,,
thbpt,,,,,,,,,,,,,
thbpt4acam,,,,,,,,,,,,,
thcholoylcoa,,,,,,,,,,,,,
thcholst,,,,,,,,,,,,,
thcholstoic,,,,,,,,,,,,,
thcrm_hs,,,,,,,,,,,,,
thcys,,,,,,,,,,,,,
thexdd,,,,,,,,,,,,,
thexddcoa,,,,,,,,,,,,,
thf,,,,,,,,,,,,,
thm,,,,,,,,,,,,,
thmmp,,,,,,,,,,,,,
thmpp,,,,,,,,,,,,,
thmtp,,,,,,,,,,,,,
thp2c,,,,,,,,,,,,,
thr_L,,,,,,,,,,,,,
thrargtyr,,,,,,,,,,,,,
thrasntyr,,,,,,,,,,,,,
thrfvs,,,,,,,,,,,,,
thrglnglu,,,,,,,,,,,,,
thrglntyr,,,,,,,,,,,,,
thrhishis,,,,,,,,,,,,,
thrilearg,,,,,,,,,,,,,
thrmetarg,,,,,,,,,,,,,
thrnt,,,,,,,,,,,,,
thrphearg,,,,,,,,,,,,,
thrserarg,,,,,,,,,,,,,
thrthrarg,,,,,,,,,,,,,
thrtyrmet,,,,,,,,,,,,,
thsacmp,,,,,,,,,,,,,
thym,,,,,,,,,,,,,
thymd,,,,,,,,,,,,,
thyochol,,,,,,,,,,,,,
thyox_L,,,,,,,,,,,,,
tiggly,,,,,,,,,,,,,
tlacfvs,,,,,,,,,,,,,
tmacmp,,,,,,,,,,,,,
tmd,,,,,,,,,,,,,
tmdm1,,,,,,,,,,,,,
tmdm3,,,,,,,,,,,,,
tmdm5,,,,,,,,,,,,,
tmlys,,,,,,,,,,,,,
tmndnc,,,,,,,,,,,,,
tmndnccoa,,,,,,,,,,,,,
tmndnccrn,,,,,,,,,,,,,
tmtrdcoa,,,,,,,,,,,,,
tmuncoa,,,,,,,,,,,,,
Tn_antigen,,,,,,,,,,,,,
tolbutamide,,,,,,,,,,,,,
trdox,,,,,,,,,,,,,
trdrd,,,,,,,,,,,,,
tre,,,,,,,,,,,,,
tridcoa,,,,,,,,,,,,,
trideceth,,,,,,,,,,,,,
triodthy,,,,,,,,,,,,,
triodthysuf,,,,,,,,,,,,,
tripvs,,,,,,,,,,,,,
trp_L,,,,,,,,,,,,,
trpalapro,,,,,,,,,,,,,
trpargala,,,,,,,,,,,,,
trpaspasp,,,,,,,,,,,,,
trpglngln,,,,,,,,,,,,,
trpglugly,,,,,,,,,,,,,
trpgluleu,,,,,,,,,,,,,
trpglupro,,,,,,,,,,,,,
trpglutyr,,,,,,,,,,,,,
trpglyasp,,,,,,,,,,,,,
trpglyleu,,,,,,,,,,,,,
trpglyphe,,,,,,,,,,,,,
trpglyval,,,,,,,,,,,,,
trphismet,,,,,,,,,,,,,
trpilelys,,,,,,,,,,,,,
trpiletrp,,,,,,,,,,,,,
trpleuval,,,,,,,,,,,,,
trplys,,,,,,,,,,,,,
trpmetarg,,,,,,,,,,,,,
trpmetval,,,,,,,,,,,,,
trpphe,,,,,,,,,,,,,
trpprogly,,,,,,,,,,,,,
trpproleu,,,,,,,,,,,,,
trpproval,,,,,,,,,,,,,
trpsertyr,,,,,,,,,,,,,
trpthrglu,,,,,,,,,,,,,
trpthrile,,,,,,,,,,,,,
trpthrtyr,,,,,,,,,,,,,
trptyrgln,,,,,,,,,,,,,
trptyrtyr,,,,,,,,,,,,,
trpvalasp,,,,,,,,,,,,,
trypta,,,,,,,,,,,,,
ts3,,,,,,,,,,,,,
tsacmgluc,,,,,,,,,,,,,
tsacmsul,,,,,,,,,,,,,
tststerone,,,,,,,,,,,,,
tststeroneglc,,,,,,,,,,,,,
tststerones,,,,,,,,,,,,,
tsul,,,,,,,,,,,,,
ttc_ggdp,,,,,,,,,,,,,
ttccoa,,,,,,,,,,,,,
ttdca,,,,,,,,,,,,,
ttdcea,,,,,,,,,,,,,
ttdceacoa,,,,,,,,,,,,,
ttdcrn,,,,,,,,,,,,,
ttetddcoa,,,,,,,,,,,,,
tudca3s,,,,,,,,,,,,,
txa2,,,,,,,,,,,,,
txb2,,,,,,,,,,,,,
tym,,,,,,,,,,,,,
tymsf,,,,,,,,,,,,,
Tyr_ggn,,,,,,,,,,,,,
tyr_L,,,,,,,,,,,,,
tyrala,,,,,,,,,,,,,
tyralaphe,,,,,,,,,,,,,
tyrargglu,,,,,,,,,,,,,
tyrargser,,,,,,,,,,,,,
tyrasparg,,,,,,,,,,,,,
tyrcysgly,,,,,,,,,,,,,
tyrcysthr,,,,,,,,,,,,,
tyrglu,,,,,,,,,,,,,
tyrleuarg,,,,,,,,,,,,,
tyrphetyr,,,,,,,,,,,,,
tyrthr,,,,,,,,,,,,,
tyrtrpphe,,,,,,,,,,,,,
tyrtyr,,,,,,,,,,,,,
tyrvalmet,,,,,,,,,,,,,
uacgam,,,,,,,,,,,,,
uchol,,,,,,,,,,,,,
udca3s,,,,,,,,,,,,,
udp,,,,,,,,,,,,,
udpacgal,,,,,,,,,,,,,
udpg,,,,,,,,,,,,,
udpgal,,,,,,,,,,,,,
udpglcur,,,,,,,,,,,,,
udprib,,,,,,,,,,,,,
udpxyl,,,,,,,,,,,,,
ump,,,,,,,,,,,,,
undcoa,,,,,,,,,,,,,
uppg3,,,,,,,,,,,,,
ura,,,,,,,,,,,,,
urate,,,,,,,,,,,,,
urcan,,,,,,,,,,,,,
urea,,,,,,,,,,,,,
uri,,,,,,,,,,,,,
urscholcoa,,,,,,,,,,,,,
utp,,,,,,,,,,,,,
vacc,,,,,,,,,,,,,
vacccoa,,,,,,,,,,,,,
vacccrn,,,,,,,,,,,,,
val_L,,,,,,,,,,,,,
valarggly,,,,,,,,,,,,,
valhisasn,,,,,,,,,,,,,
valleuphe,,,,,,,,,,,,,
vallystyr,,,,,,,,,,,,,
valphearg,,,,,,,,,,,,,
valprotrp,,,,,,,,,,,,,
valserarg,,,,,,,,,,,,,
valtrpphe,,,,,,,,,,,,,
valtrpval,,,,,,,,,,,,,
valval,,,,,,,,,,,,,
vanillac,,,,,,,,,,,,,
vanilpyr,,,,,,,,,,,,,
vitd2,,,,,,,,,,,,,
vitd3,,,,,,,,,,,,,
vldl_hs,,,,,,,,,,,,,
wharachd,,,,,,,,,,,,,
whddca,,,,,,,,,,,,,
whhdca,,,,,,,,,,,,,
whtststerone,,,,,,,,,,,,,
whttdca,,,,,,,,,,,,,
xan,,,,,,,,,,,,,
xmp,,,,,,,,,,,,,
xol24oh,,,,,,,,,,,,,
xol25oh,,,,,,,,,,,,,
xol27oh,,,,,,,,,,,,,
xol7a,,,,,,,,,,,,,
xol7ah,,,,,,,,,,,,,
xol7ah2,,,,,,,,,,,,,
xol7ah2al,,,,,,,,,,,,,
xol7ah3,,,,,,,,,,,,,
xol7aone,,,,,,,,,,,,,
xoldiolone,,,,,,,,,,,,,
xoldioloneh,,,,,,,,,,,,,
xolest_hs,,,,,,,,,,,,,
xolest181_hs,,,,,,,,,,,,,
xolest182_hs,,,,,,,,,,,,,
xolest183_hs,,,,,,,,,,,,,
xolest2_hs,,,,,,,,,,,,,
xolest204_hs,,,,,,,,,,,,,
xolest205_hs,,,,,,,,,,,,,
xolest226_hs,,,,,,,,,,,,,
xoltetrol,,,,,,,,,,,,,
xoltri24,,,,,,,,,,,,,
xoltri25,,,,,,,,,,,,,
xoltri27,,,,,,,,,,,,,
xoltriol,,,,,,,,,,,,,
xser,,,,,,,,,,,,,
xtp,,,,,,,,,,,,,
xtsn,,,,,,,,,,,,,
xu1p_D,,,,,,,,,,,,,
xu5p_D,,,,,,,,,,,,,
xyl_D,,,,,,,,,,,,,
xylnt,,,,,,,,,,,,,
xylt,,,,,,,,,,,,,
xylu_D,,,,,,,,,,,,,
xylu_L,,,,,,,,,,,,,
yvite,,,,,,,,,,,,,
zn2,,,,,,,,,,,,,
zym_int2,,,,,,,,,,,,,
zymst,,,,,,,,,,,,,
zymstnl,,,,,,,,,,,,,
